index,date,open,high,low,close,volume
1,2020-12-15 09:30:00,367.4,367.62,367.36,367.46,407870
2,2020-12-15 09:31:00,367.48,367.48,367.19,367.19,173406
3,2020-12-15 09:32:00,367.19,367.4,367.02,367.35,149240
4,2020-12-15 09:33:00,367.345,367.64,367.345,367.59,197941
5,2020-12-15 09:34:00,367.59,367.61,367.32,367.43,147919
6,2020-12-15 09:35:00,367.43,367.65,367.26,367.34,170552
7,2020-12-15 09:36:00,367.35,367.56,367.15,367.53,200528
8,2020-12-15 09:37:00,367.535,367.72,367.34,367.47,117417
9,2020-12-15 09:38:00,367.48,367.48,367.19,367.42,127936
10,2020-12-15 09:39:00,367.44,367.6,367.3,367.57,150339
11,2020-12-15 09:40:00,367.58,367.775,367.56,367.61,136414
12,2020-12-15 09:41:00,367.61,367.64,367.45,367.6,98185
13,2020-12-15 09:42:00,367.62,367.695,367.43,367.45,148858
14,2020-12-15 09:43:00,367.45,367.498,367.31,367.33,88886
15,2020-12-15 09:44:00,367.32,367.46,367.23,367.24,86295
16,2020-12-15 09:45:00,367.25,367.34,367.02,367.265,152942
17,2020-12-15 09:46:00,367.26,367.36,367.04,367.09,111088
18,2020-12-15 09:47:00,367.07,367.1799,366.96,367.07,144120
19,2020-12-15 09:48:00,367.07,367.29,367.07,367.205,69962
20,2020-12-15 09:49:00,367.19,367.24,367.1218,367.24,36651
21,2020-12-15 09:50:00,367.25,367.3277,367.12,367.3277,68939
22,2020-12-15 09:51:00,367.32,367.43,367.18,367.18,81772
23,2020-12-15 09:52:00,367.2,367.355,367.1,367.32,122545
24,2020-12-15 09:53:00,367.3189,367.38,367.28,367.37,70030
25,2020-12-15 09:54:00,367.37,367.43,367.335,367.355,66495
26,2020-12-15 09:55:00,367.355,367.44,367.13,367.16,98697
27,2020-12-15 09:56:00,367.15,367.15,366.84,367.02,173288
28,2020-12-15 09:57:00,367.04,367.1,366.9,366.94,128387
29,2020-12-15 09:58:00,366.94,366.95,366.69,366.85,268954
30,2020-12-15 09:59:00,366.86,366.94,366.72,366.86,76113
31,2020-12-15 10:00:00,366.85,366.94,366.64,366.85,149756
32,2020-12-15 10:01:00,366.84,367.08,366.84,366.974,414249
33,2020-12-15 10:02:00,366.9689,367.08,366.9247,367.0199,76530
34,2020-12-15 10:03:00,367.01,367.01,366.85,366.94,50476
35,2020-12-15 10:04:00,366.95,366.97,366.75,366.87,77957
36,2020-12-15 10:05:00,366.87,367.05,366.87,367.05,38181
37,2020-12-15 10:06:00,367.06,367.16,367.04,367.16,69695
38,2020-12-15 10:07:00,367.1501,367.17,366.84,366.89,58228
39,2020-12-15 10:08:00,366.91,366.99,366.77,366.85,73405
40,2020-12-15 10:09:00,366.85,366.9,366.68,366.72,45945
41,2020-12-15 10:10:00,366.7,366.94,366.57,366.94,74418
42,2020-12-15 10:11:00,366.95,366.99,366.85,366.96,68183
43,2020-12-15 10:12:00,366.98,366.98,366.805,366.91,52955
44,2020-12-15 10:13:00,366.919,367.03,366.865,366.98,72364
45,2020-12-15 10:14:00,366.98,367.12,366.96,366.97,74651
46,2020-12-15 10:15:00,366.97,366.97,366.775,366.87,150567
47,2020-12-15 10:16:00,366.86,367.02,366.825,366.98,89099
48,2020-12-15 10:17:00,366.98,367.08,366.88,366.92,56539
49,2020-12-15 10:18:00,366.92,367.04,366.8901,366.979,36546
50,2020-12-15 10:19:00,366.96,367.015,366.92,366.9885,34961
51,2020-12-15 10:20:00,366.97,367.01,366.84,366.88,45956
52,2020-12-15 10:21:00,366.87,366.89,366.8,366.81,46343
53,2020-12-15 10:22:00,366.82,366.9,366.78,366.87,32357
54,2020-12-15 10:23:00,366.89,366.93,366.74,366.855,75718
55,2020-12-15 10:24:00,366.84,366.84,366.68,366.82,70101
56,2020-12-15 10:25:00,366.83,366.86,366.57,366.58,99656
57,2020-12-15 10:26:00,366.57,366.73,366.48,366.61,118821
58,2020-12-15 10:27:00,366.6,366.6099,366.46,366.49,90396
59,2020-12-15 10:28:00,366.5,366.638,366.42,366.615,134661
60,2020-12-15 10:29:00,366.615,366.64,366.53,366.6,50578
61,2020-12-15 10:30:00,366.59,366.6499,366.52,366.64,104121
62,2020-12-15 10:31:00,366.64,366.695,366.605,366.69,125147
63,2020-12-15 10:32:00,366.68,366.845,366.65,366.69,107999
64,2020-12-15 10:33:00,366.69,366.7981,366.59,366.77,101350
65,2020-12-15 10:34:00,366.765,366.9418,366.765,366.88,94169
66,2020-12-15 10:35:00,366.89,366.93,366.76,366.845,244982
67,2020-12-15 10:36:00,366.8575,366.8575,366.66,366.68,53412
68,2020-12-15 10:37:00,366.69,366.715,366.56,366.56,50078
69,2020-12-15 10:38:00,366.55,366.56,366.21,366.2199,172213
70,2020-12-15 10:39:00,366.21,366.39,366.1711,366.2,109683
71,2020-12-15 10:40:00,366.21,366.38,366.2,366.3,92784
72,2020-12-15 10:41:00,366.31,366.36,366.22,366.34,38863
73,2020-12-15 10:42:00,366.32,366.32,366.0701,366.31,67738
74,2020-12-15 10:43:00,366.31,366.42,366.27,366.365,66216
75,2020-12-15 10:44:00,366.3608,366.52,366.3608,366.4195,55917
76,2020-12-15 10:45:00,366.42,366.6,366.42,366.58,44695
77,2020-12-15 10:46:00,366.58,366.7199,366.5528,366.658,53730
78,2020-12-15 10:47:00,366.66,366.72,366.6,366.6,56724
79,2020-12-15 10:48:00,366.6,366.6007,366.4746,366.5419,121216
80,2020-12-15 10:49:00,366.54,366.65,366.52,366.65,29798
81,2020-12-15 10:50:00,366.62,366.66,366.4702,366.49,63200
82,2020-12-15 10:51:00,366.485,366.51,366.35,366.51,88269
83,2020-12-15 10:52:00,366.52,366.62,366.48,366.6024,48889
84,2020-12-15 10:53:00,366.61,366.72,366.55,366.7,88943
85,2020-12-15 10:54:00,366.69,366.757,366.68,366.74,42692
86,2020-12-15 10:55:00,366.74,366.8,366.64,366.715,38501
87,2020-12-15 10:56:00,366.7118,366.81,366.65,366.765,41665
88,2020-12-15 10:57:00,366.7511,366.7818,366.69,366.69,25523
89,2020-12-15 10:58:00,366.7,366.79,366.64,366.748,55947
90,2020-12-15 10:59:00,366.76,366.77,366.6901,366.721,29433
91,2020-12-15 11:00:00,366.74,366.7494,366.59,366.61,132141
92,2020-12-15 11:01:00,366.6,366.655,366.54,366.61,71077
93,2020-12-15 11:02:00,366.61,366.67,366.51,366.56,60547
94,2020-12-15 11:03:00,366.56,366.645,366.54,366.58,55849
95,2020-12-15 11:04:00,366.58,366.64,366.48,366.49,71730
96,2020-12-15 11:05:00,366.48,366.495,366.26,366.31,123585
97,2020-12-15 11:06:00,366.31,366.36,366.06,366.11,184158
98,2020-12-15 11:07:00,366.11,366.23,365.92,365.96,237787
99,2020-12-15 11:08:00,365.95,366.24,365.95,366.0822,145022
100,2020-12-15 11:09:00,366.08,366.27,366.06,366.27,62675
101,2020-12-15 11:10:00,366.27,366.37,366.22,366.28,70530
102,2020-12-15 11:11:00,366.28,366.44,366.255,366.41,82800
103,2020-12-15 11:12:00,366.4,366.5601,366.36,366.56,100577
104,2020-12-15 11:13:00,366.56,366.65,366.36,366.61,204843
105,2020-12-15 11:14:00,366.6075,366.71,366.59,366.665,82802
106,2020-12-15 11:15:00,366.67,366.67,366.46,366.48,29282
107,2020-12-15 11:16:00,366.48,366.58,366.36,366.56,57990
108,2020-12-15 11:17:00,366.55,366.65,366.55,366.58,54799
109,2020-12-15 11:18:00,366.585,366.64,366.51,366.585,51947
110,2020-12-15 11:19:00,366.58,366.6478,366.49,366.646,70424
111,2020-12-15 11:20:00,366.64,366.8,366.6119,366.765,119637
112,2020-12-15 11:21:00,366.76,366.77,366.62,366.66,49251
113,2020-12-15 11:22:00,366.66,366.67,366.545,366.6359,65390
114,2020-12-15 11:23:00,366.615,366.688,366.53,366.55,44167
115,2020-12-15 11:24:00,366.55,366.65,366.515,366.64,48155
116,2020-12-15 11:25:00,366.645,366.79,366.585,366.585,50106
117,2020-12-15 11:26:00,366.595,366.6303,366.4601,366.5447,70361
118,2020-12-15 11:27:00,366.54,366.61,366.5001,366.52,20110
119,2020-12-15 11:28:00,366.55,366.76,366.53,366.68,59328
120,2020-12-15 11:29:00,366.68,366.76,366.59,366.71,44163
121,2020-12-15 11:30:00,366.7,366.7,366.53,366.66,61616
122,2020-12-15 11:31:00,366.67,366.73,366.63,366.66,30549
123,2020-12-15 11:32:00,366.66,366.74,366.59,366.6981,42167
124,2020-12-15 11:33:00,366.701,366.73,366.65,366.69,20158
125,2020-12-15 11:34:00,366.7,366.75,366.65,366.675,38572
126,2020-12-15 11:35:00,366.67,366.775,366.6,366.623,55128
127,2020-12-15 11:36:00,366.64,366.67,366.58,366.64,42155
128,2020-12-15 11:37:00,366.64,366.75,366.62,366.73,36612
129,2020-12-15 11:38:00,366.73,366.885,366.72,366.84,137499
130,2020-12-15 11:39:00,366.85,366.87,366.8,366.83,147694
131,2020-12-15 11:40:00,366.825,367.17,366.825,367.13,247775
132,2020-12-15 11:41:00,367.16,367.21,367.1,367.18,70058
133,2020-12-15 11:42:00,367.17,367.19,367.09,367.17,139276
134,2020-12-15 11:43:00,367.16,367.2,367.11,367.16,88676
135,2020-12-15 11:44:00,367.16,367.25,367.15,367.24,67991
136,2020-12-15 11:45:00,367.22,367.22,367.09,367.13,48164
137,2020-12-15 11:46:00,367.13,367.13,366.97,367.1011,77213
138,2020-12-15 11:47:00,367.101,367.16,367.04,367.04,25958
139,2020-12-15 11:48:00,367.02,367.07,366.97,366.99,49616
140,2020-12-15 11:49:00,367.0,367.0,366.91,366.9201,47762
141,2020-12-15 11:50:00,366.93,367.01,366.87,366.9901,135923
142,2020-12-15 11:51:00,366.99,367.08,366.86,366.98,114239
143,2020-12-15 11:52:00,366.99,367.1,366.9,366.97,49964
144,2020-12-15 11:53:00,366.97,367.055,366.94,367.0119,44195
145,2020-12-15 11:54:00,367.005,367.01,366.8,366.81,43580
146,2020-12-15 11:55:00,366.809,366.8599,366.75,366.8,68862
147,2020-12-15 11:56:00,366.81,366.87,366.75,366.861,35564
148,2020-12-15 11:57:00,366.8616,366.9799,366.8616,366.89,51478
149,2020-12-15 11:58:00,366.89,366.93,366.85,366.91,55391
150,2020-12-15 11:59:00,366.92,367.16,366.9,367.1597,74136
151,2020-12-15 12:00:00,367.15,367.27,367.08,367.21,90572
152,2020-12-15 12:01:00,367.21,367.3599,367.21,367.31,89281
153,2020-12-15 12:02:00,367.3101,367.38,367.31,367.35,48558
154,2020-12-15 12:03:00,367.3401,367.44,367.3401,367.4282,68739
155,2020-12-15 12:04:00,367.4399,367.4399,367.38,367.41,43971
156,2020-12-15 12:05:00,367.42,367.48,367.37,367.45,60181
157,2020-12-15 12:06:00,367.45,367.46,367.3,367.336,73512
158,2020-12-15 12:07:00,367.34,367.34,367.23,367.23,34824
159,2020-12-15 12:08:00,367.24,367.36,367.235,367.25,32465
160,2020-12-15 12:09:00,367.26,367.3299,367.22,367.25,36107
161,2020-12-15 12:10:00,367.26,367.3,367.23,367.25,16154
162,2020-12-15 12:11:00,367.24,367.38,367.24,367.36,33055
163,2020-12-15 12:12:00,367.36,367.3986,367.31,367.315,34447
164,2020-12-15 12:13:00,367.32,367.3299,367.28,367.29,42028
165,2020-12-15 12:14:00,367.28,367.39,367.27,367.39,52276
166,2020-12-15 12:15:00,367.395,367.41,367.31,367.34,46078
167,2020-12-15 12:16:00,367.33,367.36,367.32,367.3561,18592
168,2020-12-15 12:17:00,367.3518,367.48,367.3518,367.3719,61142
169,2020-12-15 12:18:00,367.37,367.37,367.32,367.36,35546
170,2020-12-15 12:19:00,367.37,367.5,367.36,367.48,68346
171,2020-12-15 12:20:00,367.47,367.5,367.44,367.45,40747
172,2020-12-15 12:21:00,367.46,367.62,367.45,367.614,66327
173,2020-12-15 12:22:00,367.62,367.6589,367.56,367.6,33778
174,2020-12-15 12:23:00,367.6,367.64,367.54,367.64,47858
175,2020-12-15 12:24:00,367.63,367.65,367.6,367.63,37334
176,2020-12-15 12:25:00,367.63,367.64,367.57,367.62,39242
177,2020-12-15 12:26:00,367.62,367.63,367.56,367.59,16999
178,2020-12-15 12:27:00,367.58,367.5918,367.55,367.575,14156
179,2020-12-15 12:28:00,367.58,367.59,367.5136,367.53,26535
180,2020-12-15 12:29:00,367.54,367.59,367.52,367.57,43668
181,2020-12-15 12:30:00,367.5786,367.66,367.55,367.58,46442
182,2020-12-15 12:31:00,367.58,367.66,367.57,367.64,31378
183,2020-12-15 12:32:00,367.65,367.69,367.59,367.6571,45218
184,2020-12-15 12:33:00,367.65,367.715,367.6279,367.6279,39257
185,2020-12-15 12:34:00,367.64,367.67,367.59,367.64,25626
186,2020-12-15 12:35:00,367.63,367.66,367.57,367.63,29593
187,2020-12-15 12:36:00,367.63,367.72,367.59,367.71,25821
188,2020-12-15 12:37:00,367.715,367.87,367.7001,367.83,97947
189,2020-12-15 12:38:00,367.83,368.03,367.805,368.01,148742
190,2020-12-15 12:39:00,368.01,368.0199,367.93,367.97,58606
191,2020-12-15 12:40:00,367.97,368.11,367.97,368.08,54971
192,2020-12-15 12:41:00,368.05,368.05,367.97,368.04,40332
193,2020-12-15 12:42:00,368.04,368.09,368.01,368.0236,40780
194,2020-12-15 12:43:00,368.0121,368.105,368.0121,368.05,22482
195,2020-12-15 12:44:00,368.05,368.0599,367.98,368.01,80125
196,2020-12-15 12:45:00,368.02,368.135,367.99,368.0701,103932
197,2020-12-15 12:46:00,368.075,368.139,368.05,368.11,49155
198,2020-12-15 12:47:00,368.115,368.21,368.07,368.196,67173
199,2020-12-15 12:48:00,368.2,368.27,368.17,368.21,83849
200,2020-12-15 12:49:00,368.21,368.26,368.185,368.251,47384
201,2020-12-15 12:50:00,368.25,368.32,368.16,368.3055,74465
202,2020-12-15 12:51:00,368.31,368.41,368.25,368.27,82730
203,2020-12-15 12:52:00,368.27,368.41,368.21,368.3923,54354
204,2020-12-15 12:53:00,368.3933,368.44,368.383,368.4288,76010
205,2020-12-15 12:54:00,368.43,368.45,368.39,368.42,65748
206,2020-12-15 12:55:00,368.43,368.46,368.4,368.425,85657
207,2020-12-15 12:56:00,368.43,368.43,368.36,368.41,54984
208,2020-12-15 12:57:00,368.4,368.5,368.4,368.4519,99977
209,2020-12-15 12:58:00,368.451,368.54,368.451,368.5,58991
210,2020-12-15 12:59:00,368.5,368.54,368.44,368.49,62426
211,2020-12-15 13:00:00,368.5,368.64,368.43,368.44,111115
212,2020-12-15 13:01:00,368.43,368.48,368.37,368.44,89226
213,2020-12-15 13:02:00,368.45,368.59,368.45,368.55,66573
214,2020-12-15 13:03:00,368.54,368.58,368.49,368.57,50189
215,2020-12-15 13:04:00,368.57,368.58,368.48,368.5,48274
216,2020-12-15 13:05:00,368.5,368.57,368.48,368.56,60088
217,2020-12-15 13:06:00,368.56,368.81,368.55,368.8,289010
218,2020-12-15 13:07:00,368.8,369.195,368.79,369.01,393295
219,2020-12-15 13:08:00,369.0,369.0,368.84,368.88,91049
220,2020-12-15 13:09:00,368.87,368.99,368.83,368.98,58753
221,2020-12-15 13:10:00,368.98,368.99,368.83,368.845,51754
222,2020-12-15 13:11:00,368.8499,368.89,368.83,368.83,75876
223,2020-12-15 13:12:00,368.83,368.88,368.83,368.875,48615
224,2020-12-15 13:13:00,368.87,368.9185,368.85,368.915,77970
225,2020-12-15 13:14:00,368.91,368.97,368.86,368.94,52958
226,2020-12-15 13:15:00,368.94,369.08,368.94,369.08,80128
227,2020-12-15 13:16:00,369.075,369.1,368.94,368.95,56633
228,2020-12-15 13:17:00,368.94,368.94,368.89,368.92,68265
229,2020-12-15 13:18:00,368.93,368.97,368.89,368.97,49530
230,2020-12-15 13:19:00,368.96,369.09,368.91,369.0175,93225
231,2020-12-15 13:20:00,369.01,369.04,368.93,368.9511,91274
232,2020-12-15 13:21:00,368.96,368.96,368.86,368.8699,107918
233,2020-12-15 13:22:00,368.866,368.92,368.85,368.915,73273
234,2020-12-15 13:23:00,368.915,368.97,368.88,368.88,36635
235,2020-12-15 13:24:00,368.88,368.94,368.88,368.906,38561
236,2020-12-15 13:25:00,368.91,368.965,368.84,368.87,106750
237,2020-12-15 13:26:00,368.87,368.88,368.79,368.85,79143
238,2020-12-15 13:27:00,368.85,368.86,368.77,368.775,72155
239,2020-12-15 13:28:00,368.77,368.81,368.74,368.76,55604
240,2020-12-15 13:29:00,368.765,368.85,368.7,368.755,95551
241,2020-12-15 13:30:00,368.755,368.88,368.74,368.81,134768
242,2020-12-15 13:31:00,368.81,368.92,368.8,368.8,102006
243,2020-12-15 13:32:00,368.7999,368.92,368.76,368.88,81578
244,2020-12-15 13:33:00,368.89,368.97,368.85,368.865,53816
245,2020-12-15 13:34:00,368.86,368.96,368.8,368.875,65260
246,2020-12-15 13:35:00,368.88,368.9101,368.83,368.86,63148
247,2020-12-15 13:36:00,368.865,368.89,368.77,368.825,63806
248,2020-12-15 13:37:00,368.83,368.93,368.79,368.92,62467
249,2020-12-15 13:38:00,368.9282,368.9682,368.82,368.8782,60621
250,2020-12-15 13:39:00,368.89,368.96,368.87,368.94,30554
251,2020-12-15 13:40:00,368.94,368.97,368.84,368.87,46853
252,2020-12-15 13:41:00,368.88,368.91,368.845,368.9,25418
253,2020-12-15 13:42:00,368.91,368.935,368.82,368.834,29578
254,2020-12-15 13:43:00,368.84,368.85,368.76,368.795,70201
255,2020-12-15 13:44:00,368.8,368.87,368.8,368.805,30843
256,2020-12-15 13:45:00,368.81,368.89,368.8006,368.8081,72682
257,2020-12-15 13:46:00,368.8,368.9264,368.798,368.89,33590
258,2020-12-15 13:47:00,368.88,368.94,368.86,368.91,56603
259,2020-12-15 13:48:00,368.93,368.9881,368.89,368.98,79454
260,2020-12-15 13:49:00,368.98,369.03,368.93,368.95,44695
261,2020-12-15 13:50:00,368.95,368.98,368.885,368.89,32128
262,2020-12-15 13:51:00,368.885,368.905,368.84,368.9,44427
263,2020-12-15 13:52:00,368.905,368.94,368.89,368.895,20424
264,2020-12-15 13:53:00,368.9,368.955,368.89,368.94,49050
265,2020-12-15 13:54:00,368.95,368.985,368.9,368.925,30561
266,2020-12-15 13:55:00,368.93,369.06,368.93,369.015,44631
267,2020-12-15 13:56:00,369.02,369.1,369.02,369.095,49007
268,2020-12-15 13:57:00,369.09,369.14,369.07,369.14,63017
269,2020-12-15 13:58:00,369.125,369.13,369.03,369.07,43173
270,2020-12-15 13:59:00,369.07,369.26,369.07,369.175,160838
271,2020-12-15 14:00:00,369.16,369.17,369.04,369.08,91169
272,2020-12-15 14:01:00,369.09,369.09,369.0,369.045,50821
273,2020-12-15 14:02:00,369.04,369.04,368.98,368.99,49116
274,2020-12-15 14:03:00,369.0,369.02,368.97,369.01,73432
275,2020-12-15 14:04:00,369.02,369.1,368.98,369.02,76382
276,2020-12-15 14:05:00,369.02,369.12,369.01,369.05,56078
277,2020-12-15 14:06:00,369.05,369.19,369.04,369.0679,60880
278,2020-12-15 14:07:00,369.065,369.19,369.065,369.09,53348
279,2020-12-15 14:08:00,369.095,369.15,369.03,369.15,41496
280,2020-12-15 14:09:00,369.14,369.2,369.03,369.0438,114246
281,2020-12-15 14:10:00,369.045,369.12,369.0,369.04,79994
282,2020-12-15 14:11:00,369.04,369.12,369.04,369.05,39884
283,2020-12-15 14:12:00,369.05,369.15,369.05,369.15,31320
284,2020-12-15 14:13:00,369.14,369.39,369.11,369.365,228150
285,2020-12-15 14:14:00,369.365,369.49,369.33,369.41,247799
286,2020-12-15 14:15:00,369.42,369.48,369.36,369.41,134608
287,2020-12-15 14:16:00,369.44,369.445,369.33,369.335,133884
288,2020-12-15 14:17:00,369.34,369.34,369.245,369.265,86245
289,2020-12-15 14:18:00,369.26,369.31,369.24,369.2618,45688
290,2020-12-15 14:19:00,369.27,369.36,369.27,369.335,89891
291,2020-12-15 14:20:00,369.33,369.41,369.2981,369.301,67941
292,2020-12-15 14:21:00,369.3,369.32,369.225,369.26,97188
293,2020-12-15 14:22:00,369.25,369.33,369.22,369.27,67050
294,2020-12-15 14:23:00,369.3,369.318,369.19,369.221,83731
295,2020-12-15 14:24:00,369.23,369.29,369.21,369.29,41192
296,2020-12-15 14:25:00,369.2811,369.4017,369.28,369.3902,99349
297,2020-12-15 14:26:00,369.4,369.45,369.37,369.39,50222
298,2020-12-15 14:27:00,369.395,369.44,369.31,369.34,55071
299,2020-12-15 14:28:00,369.345,369.355,369.26,369.3179,47437
300,2020-12-15 14:29:00,369.32,369.34,369.17,369.205,117570
301,2020-12-15 14:30:00,369.2099,369.355,369.2099,369.305,69065
302,2020-12-15 14:31:00,369.305,369.32,369.21,369.23,71624
303,2020-12-15 14:32:00,369.2215,369.3619,369.17,369.3619,63311
304,2020-12-15 14:33:00,369.36,369.374,369.27,369.32,48935
305,2020-12-15 14:34:00,369.3,369.34,369.26,369.28,37000
306,2020-12-15 14:35:00,369.27,369.44,369.25,369.425,53267
307,2020-12-15 14:36:00,369.4201,369.46,369.31,369.365,89806
308,2020-12-15 14:37:00,369.355,369.4,369.3301,369.35,37660
309,2020-12-15 14:38:00,369.36,369.4,369.34,369.36,35502
310,2020-12-15 14:39:00,369.35,369.39,369.3419,369.38,29288
311,2020-12-15 14:40:00,369.38,369.54,369.38,369.51,142401
312,2020-12-15 14:41:00,369.515,369.52,369.32,369.39,114403
313,2020-12-15 14:42:00,369.39,369.48,369.31,369.475,47980
314,2020-12-15 14:43:00,369.475,369.5,369.45,369.48,31342
315,2020-12-15 14:44:00,369.49,369.5,369.455,369.46,28551
316,2020-12-15 14:45:00,369.46,369.53,369.44,369.46,79592
317,2020-12-15 14:46:00,369.45,369.56,369.44,369.515,51581
318,2020-12-15 14:47:00,369.515,369.56,369.46,369.495,88501
319,2020-12-15 14:48:00,369.5,369.515,369.46,369.515,44150
320,2020-12-15 14:49:00,369.52,369.53,369.43,369.48,60533
321,2020-12-15 14:50:00,369.47,369.479,369.4,369.4184,54891
322,2020-12-15 14:51:00,369.415,369.42,369.31,369.33,63264
323,2020-12-15 14:52:00,369.3387,369.36,369.31,369.34,45711
324,2020-12-15 14:53:00,369.35,369.38,369.26,369.28,60424
325,2020-12-15 14:54:00,369.285,369.33,369.21,369.23,114587
326,2020-12-15 14:55:00,369.23,369.29,369.22,369.225,80793
327,2020-12-15 14:56:00,369.225,369.23,369.16,369.1711,75501
328,2020-12-15 14:57:00,369.1711,369.24,369.16,369.1964,96494
329,2020-12-15 14:58:00,369.19,369.225,369.16,369.215,67073
330,2020-12-15 14:59:00,369.22,369.25,369.185,369.21,19438
331,2020-12-15 15:00:00,369.22,369.42,369.14,369.3975,89710
332,2020-12-15 15:01:00,369.4,369.49,369.36,369.3899,88821
333,2020-12-15 15:02:00,369.38,369.4,369.275,369.29,62983
334,2020-12-15 15:03:00,369.275,369.3,369.205,369.22,96372
335,2020-12-15 15:04:00,369.2111,369.24,369.07,369.09,224097
336,2020-12-15 15:05:00,369.09,369.14,369.085,369.125,41336
337,2020-12-15 15:06:00,369.12,369.305,369.08,369.28,79925
338,2020-12-15 15:07:00,369.275,369.39,369.275,369.38,175599
339,2020-12-15 15:08:00,369.38,369.56,369.355,369.555,242408
340,2020-12-15 15:09:00,369.55,369.5798,369.2,369.27,171951
341,2020-12-15 15:10:00,369.28,369.43,369.25,369.269,121191
342,2020-12-15 15:11:00,369.26,369.31,369.17,369.25,132778
343,2020-12-15 15:12:00,369.25,369.34,369.24,369.29,70237
344,2020-12-15 15:13:00,369.29,369.32,369.22,369.2599,46095
345,2020-12-15 15:14:00,369.245,369.39,369.22,369.3811,118081
346,2020-12-15 15:15:00,369.39,369.41,369.3,369.39,70823
347,2020-12-15 15:16:00,369.41,369.44,369.32,369.326,73015
348,2020-12-15 15:17:00,369.3111,369.42,369.27,369.35,43304
349,2020-12-15 15:18:00,369.345,369.36,369.25,369.275,56428
350,2020-12-15 15:19:00,369.28,369.31,369.16,369.16,153052
351,2020-12-15 15:20:00,369.16,369.2,369.07,369.1,180002
352,2020-12-15 15:21:00,369.1,369.2,369.1,369.135,32065
353,2020-12-15 15:22:00,369.14,369.23,369.13,369.195,66729
354,2020-12-15 15:23:00,369.1982,369.2789,369.16,369.1638,51634
355,2020-12-15 15:24:00,369.1682,369.2599,369.141,369.215,43826
356,2020-12-15 15:25:00,369.2101,369.23,369.14,369.2,82051
357,2020-12-15 15:26:00,369.22,369.24,369.09,369.13,50137
358,2020-12-15 15:27:00,369.125,369.13,368.94,368.9684,88728
359,2020-12-15 15:28:00,368.966,368.98,368.84,368.85,231854
360,2020-12-15 15:29:00,368.845,368.97,368.84,368.85,242870
361,2020-12-15 15:30:00,368.85,368.8999,368.69,368.73,245511
362,2020-12-15 15:31:00,368.73,368.7371,368.62,368.67,109716
363,2020-12-15 15:32:00,368.67,368.8185,368.66,368.71,130363
364,2020-12-15 15:33:00,368.72,368.72,368.6,368.6981,68300
365,2020-12-15 15:34:00,368.695,368.76,368.62,368.67,168838
366,2020-12-15 15:35:00,368.675,368.74,368.66,368.66,48090
367,2020-12-15 15:36:00,368.66,368.8281,368.645,368.815,110560
368,2020-12-15 15:37:00,368.81,368.8496,368.74,368.81,57914
369,2020-12-15 15:38:00,368.82,368.87,368.79,368.8562,82213
370,2020-12-15 15:39:00,368.85,368.88,368.78,368.8,65050
371,2020-12-15 15:40:00,368.8,368.81,368.66,368.69,69280
372,2020-12-15 15:41:00,368.675,368.84,368.65,368.7955,88495
373,2020-12-15 15:42:00,368.8,368.98,368.8,368.98,209428
374,2020-12-15 15:43:00,368.99,369.09,368.97,369.07,154323
375,2020-12-15 15:44:00,369.06,369.11,368.99,369.03,83314
376,2020-12-15 15:45:00,369.025,369.17,368.96,369.07,254712
377,2020-12-15 15:46:00,369.0784,369.09,368.97,369.05,131251
378,2020-12-15 15:47:00,369.05,369.11,369.03,369.07,134203
379,2020-12-15 15:48:00,369.061,369.15,368.99,369.13,227323
380,2020-12-15 15:49:00,369.1381,369.1381,368.99,369.04,126437
381,2020-12-15 15:50:00,369.02,369.13,368.9,368.9698,237846
382,2020-12-15 15:51:00,368.965,369.01,368.82,368.97,169630
383,2020-12-15 15:52:00,368.97,369.09,368.895,368.96,270142
384,2020-12-15 15:53:00,368.96,369.14,368.96,369.11,186236
385,2020-12-15 15:54:00,369.11,369.15,369.02,369.1001,367802
386,2020-12-15 15:55:00,369.11,369.11,369.03,369.085,205386
387,2020-12-15 15:56:00,369.085,369.13,369.075,369.11,207075
388,2020-12-15 15:57:00,369.11,369.19,369.1,369.18,212343
389,2020-12-15 15:58:00,369.18,369.36,369.15,369.35,660651
390,2020-12-15 15:59:00,369.35,369.57,369.25,369.57,952362
391,2020-12-15 16:00:00,369.55,369.59,369.55,369.56,1525977
392,2020-12-16 09:30:00,369.82,369.88,369.65,369.8,376571
393,2020-12-16 09:31:00,369.82,369.89,369.62,369.635,113930
394,2020-12-16 09:32:00,369.64,369.76,369.59,369.76,129464
395,2020-12-16 09:33:00,369.76,369.84,369.59,369.69,71325
396,2020-12-16 09:34:00,369.68,369.74,369.48,369.67,92983
397,2020-12-16 09:35:00,369.66,369.68,369.45,369.47,168876
398,2020-12-16 09:36:00,369.4707,369.48,369.27,369.4,143919
399,2020-12-16 09:37:00,369.42,369.46,369.05,369.06,172507
400,2020-12-16 09:38:00,369.06,369.0884,368.89,369.04,189533
401,2020-12-16 09:39:00,369.04,369.06,368.8676,369.05,136095
402,2020-12-16 09:40:00,369.06,369.09,368.91,369.07,109434
403,2020-12-16 09:41:00,369.05,369.16,369.01,369.09,88334
404,2020-12-16 09:42:00,369.09,369.09,368.925,368.93,84026
405,2020-12-16 09:43:00,368.94,369.05,368.9316,369.01,58541
406,2020-12-16 09:44:00,369.0115,369.2,368.97,369.19,98695
407,2020-12-16 09:45:00,369.19,369.32,369.19,369.2782,93234
408,2020-12-16 09:46:00,369.3,369.4,369.21,369.21,92141
409,2020-12-16 09:47:00,369.2,369.36,369.18,369.33,76548
410,2020-12-16 09:48:00,369.3042,369.315,369.1,369.14,82706
411,2020-12-16 09:49:00,369.14,369.29,369.13,369.2431,72525
412,2020-12-16 09:50:00,369.26,369.34,369.23,369.28,69376
413,2020-12-16 09:51:00,369.28,369.41,369.235,369.41,89684
414,2020-12-16 09:52:00,369.43,369.45,369.39,369.4,74228
415,2020-12-16 09:53:00,369.39,369.4,369.24,369.24,80169
416,2020-12-16 09:54:00,369.24,369.37,369.24,369.355,111744
417,2020-12-16 09:55:00,369.355,369.46,369.355,369.42,59410
418,2020-12-16 09:56:00,369.41,369.47,369.39,369.41,83839
419,2020-12-16 09:57:00,369.41,369.45,369.39,369.4301,62861
420,2020-12-16 09:58:00,369.438,369.58,369.42,369.57,113128
421,2020-12-16 09:59:00,369.56,369.69,369.5126,369.54,114956
422,2020-12-16 10:00:00,369.55,369.58,369.48,369.555,69367
423,2020-12-16 10:01:00,369.55,369.58,369.44,369.48,89240
424,2020-12-16 10:02:00,369.485,369.57,369.36,369.55,82093
425,2020-12-16 10:03:00,369.535,369.59,369.47,369.52,62928
426,2020-12-16 10:04:00,369.52,369.56,369.43,369.5,56132
427,2020-12-16 10:05:00,369.51,369.53,369.42,369.44,53277
428,2020-12-16 10:06:00,369.45,369.6501,369.45,369.54,93239
429,2020-12-16 10:07:00,369.55,369.75,369.5,369.72,70416
430,2020-12-16 10:08:00,369.72,369.74,369.61,369.68,61406
431,2020-12-16 10:09:00,369.68,369.83,369.67,369.785,94433
432,2020-12-16 10:10:00,369.79,369.82,369.72,369.82,99475
433,2020-12-16 10:11:00,369.82,369.875,369.79,369.8,109634
434,2020-12-16 10:12:00,369.8,369.8,369.71,369.74,53594
435,2020-12-16 10:13:00,369.75,369.75,369.58,369.58,81661
436,2020-12-16 10:14:00,369.58,369.58,369.44,369.52,108780
437,2020-12-16 10:15:00,369.53,369.6473,369.45,369.645,73211
438,2020-12-16 10:16:00,369.65,369.78,369.6497,369.76,115260
439,2020-12-16 10:17:00,369.76,369.83,369.48,369.54,106594
440,2020-12-16 10:18:00,369.53,369.68,369.45,369.48,145375
441,2020-12-16 10:19:00,369.48,369.62,369.45,369.58,67086
442,2020-12-16 10:20:00,369.58,369.67,369.52,369.52,57563
443,2020-12-16 10:21:00,369.525,369.525,369.37,369.49,84742
444,2020-12-16 10:22:00,369.49,369.55,369.31,369.55,97715
445,2020-12-16 10:23:00,369.54,369.55,369.45,369.51,81462
446,2020-12-16 10:24:00,369.515,369.71,369.48,369.705,76846
447,2020-12-16 10:25:00,369.705,369.87,369.7,369.84,150021
448,2020-12-16 10:26:00,369.85,370.05,369.85,369.98,160152
449,2020-12-16 10:27:00,369.9875,370.01,369.9,369.95,89346
450,2020-12-16 10:28:00,369.95,370.0,369.91,370.0,81494
451,2020-12-16 10:29:00,370.0,370.07,369.99,370.0,109007
452,2020-12-16 10:30:00,369.99,370.1798,369.99,370.1222,81913
453,2020-12-16 10:31:00,370.14,370.17,370.11,370.13,60561
454,2020-12-16 10:32:00,370.13,370.17,370.11,370.16,92462
455,2020-12-16 10:33:00,370.16,370.2,370.11,370.14,84872
456,2020-12-16 10:34:00,370.15,370.22,370.14,370.14,42167
457,2020-12-16 10:35:00,370.15,370.16,370.06,370.09,54969
458,2020-12-16 10:36:00,370.08,370.16,370.0,370.08,72558
459,2020-12-16 10:37:00,370.085,370.165,370.085,370.11,47080
460,2020-12-16 10:38:00,370.11,370.13,370.03,370.095,76709
461,2020-12-16 10:39:00,370.09,370.13,370.05,370.06,51036
462,2020-12-16 10:40:00,370.06,370.1,370.015,370.08,44060
463,2020-12-16 10:41:00,370.08,370.18,370.07,370.16,64408
464,2020-12-16 10:42:00,370.155,370.18,370.07,370.14,90419
465,2020-12-16 10:43:00,370.13,370.15,370.08,370.13,57090
466,2020-12-16 10:44:00,370.12,370.17,370.12,370.125,69151
467,2020-12-16 10:45:00,370.12,370.15,370.09,370.0989,37648
468,2020-12-16 10:46:00,370.09,370.1,370.01,370.01,47504
469,2020-12-16 10:47:00,370.009,370.009,369.92,369.9378,78840
470,2020-12-16 10:48:00,369.935,370.01,369.9119,369.9389,65634
471,2020-12-16 10:49:00,369.925,369.94,369.89,369.9,64834
472,2020-12-16 10:50:00,369.9118,369.96,369.85,369.96,61398
473,2020-12-16 10:51:00,369.95,369.98,369.93,369.935,23455
474,2020-12-16 10:52:00,369.93,370.06,369.93,370.0262,53409
475,2020-12-16 10:53:00,370.02,370.02,369.94,369.97,43898
476,2020-12-16 10:54:00,369.9744,369.98,369.92,369.98,31025
477,2020-12-16 10:55:00,369.9801,369.99,369.83,369.865,33135
478,2020-12-16 10:56:00,369.86,369.88,369.81,369.81,53996
479,2020-12-16 10:57:00,369.81,369.83,369.76,369.825,40480
480,2020-12-16 10:58:00,369.825,369.8865,369.75,369.75,47440
481,2020-12-16 10:59:00,369.74,369.78,369.66,369.77,59471
482,2020-12-16 11:00:00,369.775,369.89,369.74,369.77,81211
483,2020-12-16 11:01:00,369.77,369.845,369.71,369.7982,40319
484,2020-12-16 11:02:00,369.8,369.88,369.78,369.8,54238
485,2020-12-16 11:03:00,369.805,369.89,369.76,369.8855,55730
486,2020-12-16 11:04:00,369.8864,370.03,369.86,369.99,40679
487,2020-12-16 11:05:00,370.0,370.16,370.0,370.15,63028
488,2020-12-16 11:06:00,370.14,370.18,370.13,370.165,48786
489,2020-12-16 11:07:00,370.16,370.1982,370.15,370.17,59682
490,2020-12-16 11:08:00,370.175,370.175,370.0915,370.11,43183
491,2020-12-16 11:09:00,370.11,370.13,370.07,370.07,70094
492,2020-12-16 11:10:00,370.08,370.08,369.97,369.99,69465
493,2020-12-16 11:11:00,369.992,370.005,369.935,369.96,109249
494,2020-12-16 11:12:00,369.96,369.97,369.8,369.915,92907
495,2020-12-16 11:13:00,369.92,369.955,369.85,369.8976,41080
496,2020-12-16 11:14:00,369.91,369.995,369.91,369.95,38083
497,2020-12-16 11:15:00,369.95,370.005,369.9,369.99,42118
498,2020-12-16 11:16:00,369.995,370.07,369.96,369.99,48027
499,2020-12-16 11:17:00,369.995,369.995,369.79,369.79,66351
500,2020-12-16 11:18:00,369.795,369.91,369.64,369.82,153686
501,2020-12-16 11:19:00,369.81,369.895,369.74,369.885,35457
502,2020-12-16 11:20:00,369.89,369.94,369.84,369.91,37997
503,2020-12-16 11:21:00,369.92,369.97,369.885,369.89,72923
504,2020-12-16 11:22:00,369.88,369.9565,369.83,369.8701,58788
505,2020-12-16 11:23:00,369.87,370.029,369.86,370.0,37963
506,2020-12-16 11:24:00,370.01,370.08,370.0,370.01,65796
507,2020-12-16 11:25:00,370.01,370.09,369.9801,370.02,33183
508,2020-12-16 11:26:00,370.0281,370.0978,370.0119,370.02,20477
509,2020-12-16 11:27:00,370.02,370.11,369.933,370.11,56732
510,2020-12-16 11:28:00,370.1182,370.17,370.06,370.145,29806
511,2020-12-16 11:29:00,370.145,370.2,370.145,370.175,78653
512,2020-12-16 11:30:00,370.18,370.18,370.08,370.15,89979
513,2020-12-16 11:31:00,370.14,370.19,370.12,370.14,43875
514,2020-12-16 11:32:00,370.1423,370.1423,370.07,370.12,33940
515,2020-12-16 11:33:00,370.1202,370.166,370.09,370.166,37916
516,2020-12-16 11:34:00,370.16,370.31,370.16,370.3064,99814
517,2020-12-16 11:35:00,370.3,370.35,370.26,370.29,60118
518,2020-12-16 11:36:00,370.305,370.367,370.3,370.33,31056
519,2020-12-16 11:37:00,370.32,370.32,370.21,370.2177,45578
520,2020-12-16 11:38:00,370.22,370.29,370.19,370.2501,41728
521,2020-12-16 11:39:00,370.27,370.27,370.21,370.27,33422
522,2020-12-16 11:40:00,370.27,370.3176,370.2,370.21,28711
523,2020-12-16 11:41:00,370.22,370.29,370.21,370.28,33304
524,2020-12-16 11:42:00,370.28,370.29,370.23,370.23,31115
525,2020-12-16 11:43:00,370.24,370.28,370.22,370.27,41134
526,2020-12-16 11:44:00,370.27,370.31,370.24,370.3,22959
527,2020-12-16 11:45:00,370.3,370.37,370.24,370.34,45568
528,2020-12-16 11:46:00,370.33,370.3716,370.28,370.36,38728
529,2020-12-16 11:47:00,370.36,370.36,370.27,370.27,16347
530,2020-12-16 11:48:00,370.27,370.2889,370.23,370.2501,25555
531,2020-12-16 11:49:00,370.255,370.31,370.25,370.29,13286
532,2020-12-16 11:50:00,370.285,370.315,370.23,370.25,24701
533,2020-12-16 11:51:00,370.25,370.33,370.21,370.33,48412
534,2020-12-16 11:52:00,370.3255,370.35,370.27,370.29,27577
535,2020-12-16 11:53:00,370.29,370.3,370.23,370.23,27295
536,2020-12-16 11:54:00,370.23,370.265,370.22,370.25,32506
537,2020-12-16 11:55:00,370.26,370.26,370.24,370.2548,30563
538,2020-12-16 11:56:00,370.26,370.3,370.21,370.23,62511
539,2020-12-16 11:57:00,370.2235,370.26,370.19,370.21,29991
540,2020-12-16 11:58:00,370.205,370.22,370.13,370.14,34658
541,2020-12-16 11:59:00,370.15,370.22,370.13,370.22,35506
542,2020-12-16 12:00:00,370.225,370.2801,370.2,370.2101,59338
543,2020-12-16 12:01:00,370.22,370.235,370.1602,370.1663,31530
544,2020-12-16 12:02:00,370.17,370.19,370.16,370.19,19521
545,2020-12-16 12:03:00,370.18,370.23,370.15,370.15,26836
546,2020-12-16 12:04:00,370.1542,370.2,370.15,370.18,27374
547,2020-12-16 12:05:00,370.18,370.19,370.13,370.13,106755
548,2020-12-16 12:06:00,370.135,370.19,370.13,370.16,151772
549,2020-12-16 12:07:00,370.18,370.2,370.17,370.18,33292
550,2020-12-16 12:08:00,370.18,370.26,370.18,370.23,36734
551,2020-12-16 12:09:00,370.22,370.245,370.17,370.17,20452
552,2020-12-16 12:10:00,370.1719,370.196,370.12,370.1888,26319
553,2020-12-16 12:11:00,370.18,370.18,370.1,370.11,157177
554,2020-12-16 12:12:00,370.1021,370.135,370.1,370.1082,45019
555,2020-12-16 12:13:00,370.1,370.12,370.04,370.08,56901
556,2020-12-16 12:14:00,370.09,370.1,370.04,370.07,65919
557,2020-12-16 12:15:00,370.06,370.17,370.05,370.1681,38009
558,2020-12-16 12:16:00,370.16,370.16,370.11,370.12,17827
559,2020-12-16 12:17:00,370.11,370.138,370.07,370.0799,31169
560,2020-12-16 12:18:00,370.09,370.095,370.01,370.01,30902
561,2020-12-16 12:19:00,370.005,370.0789,370.0,370.0782,34594
562,2020-12-16 12:20:00,370.07,370.08,370.01,370.015,14707
563,2020-12-16 12:21:00,370.0,370.06,369.96,369.99,25398
564,2020-12-16 12:22:00,370.0,370.0,369.92,369.92,46911
565,2020-12-16 12:23:00,369.93,369.93,369.88,369.89,49228
566,2020-12-16 12:24:00,369.885,369.9497,369.82,369.915,124554
567,2020-12-16 12:25:00,369.91,369.95,369.81,369.82,74603
568,2020-12-16 12:26:00,369.83,369.86,369.79,369.8581,125077
569,2020-12-16 12:27:00,369.855,369.94,369.855,369.92,46941
570,2020-12-16 12:28:00,369.94,369.94,369.87,369.9,25155
571,2020-12-16 12:29:00,369.905,369.95,369.89,369.9162,32327
572,2020-12-16 12:30:00,369.91,369.91,369.79,369.83,65924
573,2020-12-16 12:31:00,369.835,369.93,369.8,369.93,58356
574,2020-12-16 12:32:00,369.93,369.95,369.8603,369.89,41012
575,2020-12-16 12:33:00,369.89,369.89,369.815,369.8481,16625
576,2020-12-16 12:34:00,369.845,369.91,369.845,369.9,38679
577,2020-12-16 12:35:00,369.91,369.936,369.88,369.91,24680
578,2020-12-16 12:36:00,369.905,369.93,369.87,369.9219,20160
579,2020-12-16 12:37:00,369.92,369.9364,369.89,369.89,25970
580,2020-12-16 12:38:00,369.885,369.91,369.83,369.89,47223
581,2020-12-16 12:39:00,369.89,369.91,369.8601,369.87,23401
582,2020-12-16 12:40:00,369.87,369.89,369.8,369.84,36609
583,2020-12-16 12:41:00,369.85,369.92,369.84,369.916,32784
584,2020-12-16 12:42:00,369.9161,369.92,369.88,369.9,38012
585,2020-12-16 12:43:00,369.9075,369.93,369.87,369.915,25862
586,2020-12-16 12:44:00,369.91,369.925,369.86,369.87,12159
587,2020-12-16 12:45:00,369.8799,369.905,369.85,369.8682,20779
588,2020-12-16 12:46:00,369.8682,369.9,369.86,369.885,41678
589,2020-12-16 12:47:00,369.89,369.94,369.82,369.865,70081
590,2020-12-16 12:48:00,369.85,369.97,369.835,369.87,90172
591,2020-12-16 12:49:00,369.87,369.9,369.61,369.6562,158953
592,2020-12-16 12:50:00,369.645,369.67,369.3831,369.6,184766
593,2020-12-16 12:51:00,369.5908,369.65,369.54,369.559,36085
594,2020-12-16 12:52:00,369.575,369.64,369.56,369.61,54065
595,2020-12-16 12:53:00,369.6164,369.64,369.55,369.64,51803
596,2020-12-16 12:54:00,369.635,369.73,369.635,369.72,38187
597,2020-12-16 12:55:00,369.715,369.81,369.69,369.7922,37286
598,2020-12-16 12:56:00,369.79,369.94,369.77,369.88,44700
599,2020-12-16 12:57:00,369.88,369.97,369.87,369.96,30455
600,2020-12-16 12:58:00,369.965,369.9922,369.6,369.95,88757
601,2020-12-16 12:59:00,369.95,370.02,369.93,370.018,60899
602,2020-12-16 13:00:00,370.01,370.01,369.9,369.93,40418
603,2020-12-16 13:01:00,369.92,369.936,369.89,369.92,27519
604,2020-12-16 13:02:00,369.92,369.93,369.83,369.89,33317
605,2020-12-16 13:03:00,369.89,369.9,369.86,369.8836,25058
606,2020-12-16 13:04:00,369.89,369.946,369.89,369.94,14770
607,2020-12-16 13:05:00,369.945,369.945,369.82,369.82,24160
608,2020-12-16 13:06:00,369.8314,369.8314,369.73,369.74,29054
609,2020-12-16 13:07:00,369.755,369.755,369.66,369.695,26653
610,2020-12-16 13:08:00,369.7,369.7,369.615,369.66,33309
611,2020-12-16 13:09:00,369.67,369.705,369.6018,369.62,24464
612,2020-12-16 13:10:00,369.59,369.67,369.58,369.635,14386
613,2020-12-16 13:11:00,369.64,369.72,369.6318,369.7155,19097
614,2020-12-16 13:12:00,369.72,369.7624,369.682,369.75,29777
615,2020-12-16 13:13:00,369.75,369.7877,369.731,369.76,43328
616,2020-12-16 13:14:00,369.77,369.83,369.74,369.82,21650
617,2020-12-16 13:15:00,369.82,369.83,369.71,369.765,33672
618,2020-12-16 13:16:00,369.77,369.77,369.69,369.73,14566
619,2020-12-16 13:17:00,369.73,369.77,369.69,369.71,13889
620,2020-12-16 13:18:00,369.715,369.75,369.7,369.74,19742
621,2020-12-16 13:19:00,369.735,369.82,369.735,369.8018,40085
622,2020-12-16 13:20:00,369.805,369.84,369.77,369.82,24136
623,2020-12-16 13:21:00,369.82,369.82,369.77,369.785,20339
624,2020-12-16 13:22:00,369.79,369.84,369.785,369.8,17098
625,2020-12-16 13:23:00,369.8,369.81,369.72,369.8,31406
626,2020-12-16 13:24:00,369.7911,369.83,369.75,369.76,20819
627,2020-12-16 13:25:00,369.765,369.8,369.73,369.79,15802
628,2020-12-16 13:26:00,369.81,369.84,369.78,369.79,13826
629,2020-12-16 13:27:00,369.782,369.782,369.721,369.7418,18488
630,2020-12-16 13:28:00,369.74,369.77,369.71,369.715,27508
631,2020-12-16 13:29:00,369.7136,369.73,369.66,369.72,25450
632,2020-12-16 13:30:00,369.73,369.82,369.71,369.8,25780
633,2020-12-16 13:31:00,369.806,369.88,369.78,369.88,36296
634,2020-12-16 13:32:00,369.875,369.88,369.8,369.8401,27583
635,2020-12-16 13:33:00,369.85,369.93,369.84,369.91,27721
636,2020-12-16 13:34:00,369.9189,369.93,369.9,369.91,18780
637,2020-12-16 13:35:00,369.91,369.93,369.86,369.87,12157
638,2020-12-16 13:36:00,369.8618,369.9,369.85,369.8601,12543
639,2020-12-16 13:37:00,369.8611,369.88,369.79,369.835,65242
640,2020-12-16 13:38:00,369.83,369.855,369.8,369.855,45429
641,2020-12-16 13:39:00,369.86,369.91,369.86,369.89,40730
642,2020-12-16 13:40:00,369.895,369.92,369.85,369.8918,22622
643,2020-12-16 13:41:00,369.89,369.92,369.87,369.8802,13347
644,2020-12-16 13:42:00,369.89,369.905,369.85,369.87,23535
645,2020-12-16 13:43:00,369.875,369.9,369.82,369.89,44116
646,2020-12-16 13:44:00,369.89,369.915,369.82,369.86,30570
647,2020-12-16 13:45:00,369.87,369.88,369.81,369.81,11292
648,2020-12-16 13:46:00,369.8189,369.86,369.7689,369.8275,110250
649,2020-12-16 13:47:00,369.83,369.8664,369.81,369.85,22542
650,2020-12-16 13:48:00,369.8623,369.8982,369.84,369.86,30078
651,2020-12-16 13:49:00,369.85,369.85,369.77,369.8005,42825
652,2020-12-16 13:50:00,369.8,369.83,369.738,369.809,52269
653,2020-12-16 13:51:00,369.81,369.86,369.785,369.8111,71806
654,2020-12-16 13:52:00,369.81,369.818,369.76,369.78,26196
655,2020-12-16 13:53:00,369.77,369.8,369.76,369.78,19952
656,2020-12-16 13:54:00,369.79,369.79,369.74,369.77,101186
657,2020-12-16 13:55:00,369.76,369.81,369.74,369.78,31547
658,2020-12-16 13:56:00,369.785,369.82,369.77,369.8062,42185
659,2020-12-16 13:57:00,369.81,369.84,369.8,369.835,54916
660,2020-12-16 13:58:00,369.8318,369.85,369.82,369.8362,28443
661,2020-12-16 13:59:00,369.83,369.87,369.82,369.8324,36186
662,2020-12-16 14:00:00,369.84,370.19,369.46,369.5766,382750
663,2020-12-16 14:01:00,369.59,369.7,369.34,369.684,246174
664,2020-12-16 14:02:00,369.71,370.03,369.71,369.9381,220514
665,2020-12-16 14:03:00,369.95,369.98,369.74,369.92,141050
666,2020-12-16 14:04:00,369.9219,370.02,369.76,369.76,148556
667,2020-12-16 14:05:00,369.75,369.78,369.58,369.68,115678
668,2020-12-16 14:06:00,369.67,369.78,369.37,369.4,145919
669,2020-12-16 14:07:00,369.3957,369.56,369.22,369.52,152061
670,2020-12-16 14:08:00,369.51,369.5422,369.32,369.46,117149
671,2020-12-16 14:09:00,369.44,369.57,369.335,369.39,71196
672,2020-12-16 14:10:00,369.39,369.41,369.18,369.2103,169758
673,2020-12-16 14:11:00,369.2036,369.33,369.178,369.25,80451
674,2020-12-16 14:12:00,369.2498,369.385,369.09,369.35,157121
675,2020-12-16 14:13:00,369.365,369.41,369.29,369.4,102715
676,2020-12-16 14:14:00,369.39,369.39,369.26,369.31,84857
677,2020-12-16 14:15:00,369.3,369.3,369.165,369.2153,79521
678,2020-12-16 14:16:00,369.21,369.215,369.12,369.18,31871
679,2020-12-16 14:17:00,369.189,369.31,369.11,369.19,84889
680,2020-12-16 14:18:00,369.19,369.23,369.1,369.1781,36326
681,2020-12-16 14:19:00,369.17,369.179,369.06,369.1702,47079
682,2020-12-16 14:20:00,369.18,369.25,369.07,369.21,146690
683,2020-12-16 14:21:00,369.21,369.32,369.18,369.25,61761
684,2020-12-16 14:22:00,369.2,369.41,369.17,369.39,80516
685,2020-12-16 14:23:00,369.38,369.4896,369.3027,369.45,160798
686,2020-12-16 14:24:00,369.45,369.51,369.44,369.51,50433
687,2020-12-16 14:25:00,369.5,369.56,369.3266,369.44,127303
688,2020-12-16 14:26:00,369.44,369.4489,369.37,369.4199,64207
689,2020-12-16 14:27:00,369.41,369.45,369.31,369.34,79119
690,2020-12-16 14:28:00,369.35,369.3799,369.24,369.28,36281
691,2020-12-16 14:29:00,369.275,369.41,369.275,369.35,88134
692,2020-12-16 14:30:00,369.3522,369.46,369.3302,369.43,77536
693,2020-12-16 14:31:00,369.43,369.63,369.43,369.5905,97955
694,2020-12-16 14:32:00,369.58,369.69,369.58,369.6193,133436
695,2020-12-16 14:33:00,369.6089,369.7,369.6,369.7,52471
696,2020-12-16 14:34:00,369.6982,369.77,369.61,369.7511,49759
697,2020-12-16 14:35:00,369.745,370.07,369.73,370.0519,227021
698,2020-12-16 14:36:00,370.06,370.23,370.03,370.225,209718
699,2020-12-16 14:37:00,370.22,370.39,370.14,370.36,114160
700,2020-12-16 14:38:00,370.36,370.46,370.35,370.3919,86613
701,2020-12-16 14:39:00,370.4,370.54,370.4,370.49,142343
702,2020-12-16 14:40:00,370.48,370.53,370.3,370.36,114792
703,2020-12-16 14:41:00,370.35,370.49,370.33,370.4782,87921
704,2020-12-16 14:42:00,370.4713,370.48,370.38,370.43,46297
705,2020-12-16 14:43:00,370.435,370.49,370.34,370.46,38338
706,2020-12-16 14:44:00,370.46,370.49,370.38,370.415,84847
707,2020-12-16 14:45:00,370.43,370.46,370.35,370.41,40060
708,2020-12-16 14:46:00,370.41,370.55,370.41,370.51,82019
709,2020-12-16 14:47:00,370.515,370.57,370.46,370.53,54559
710,2020-12-16 14:48:00,370.54,370.58,370.48,370.51,116308
711,2020-12-16 14:49:00,370.5121,370.65,370.49,370.63,125117
712,2020-12-16 14:50:00,370.63,370.68,370.53,370.61,156072
713,2020-12-16 14:51:00,370.61,370.69,370.49,370.6701,224257
714,2020-12-16 14:52:00,370.67,370.77,370.6,370.76,210502
715,2020-12-16 14:53:00,370.77,370.78,370.635,370.66,87496
716,2020-12-16 14:54:00,370.68,370.68,370.56,370.58,102770
717,2020-12-16 14:55:00,370.57,370.61,370.5,370.56,165949
718,2020-12-16 14:56:00,370.56,370.66,370.56,370.63,58095
719,2020-12-16 14:57:00,370.63,370.74,370.61,370.68,82799
720,2020-12-16 14:58:00,370.69,370.7198,370.63,370.705,32878
721,2020-12-16 14:59:00,370.7,370.75,370.69,370.7222,49395
722,2020-12-16 15:00:00,370.73,370.75,370.56,370.57,99893
723,2020-12-16 15:01:00,370.575,370.59,370.47,370.48,73139
724,2020-12-16 15:02:00,370.47,370.62,370.45,370.565,114064
725,2020-12-16 15:03:00,370.57,370.66,370.56,370.59,71588
726,2020-12-16 15:04:00,370.59,370.6,370.53,370.55,57884
727,2020-12-16 15:05:00,370.54,370.61,370.513,370.53,59932
728,2020-12-16 15:06:00,370.535,370.55,370.46,370.505,86260
729,2020-12-16 15:07:00,370.5,370.52,370.37,370.39,166796
730,2020-12-16 15:08:00,370.385,370.4,370.25,370.38,192914
731,2020-12-16 15:09:00,370.39,370.41,370.253,370.365,73937
732,2020-12-16 15:10:00,370.36,370.41,370.24,370.2981,71701
733,2020-12-16 15:11:00,370.29,370.34,370.19,370.255,115636
734,2020-12-16 15:12:00,370.2689,370.358,370.25,370.34,45742
735,2020-12-16 15:13:00,370.3318,370.46,370.3318,370.42,97944
736,2020-12-16 15:14:00,370.415,370.45,370.26,370.44,118812
737,2020-12-16 15:15:00,370.43,370.5,370.38,370.42,117524
738,2020-12-16 15:16:00,370.42,370.53,370.4,370.5299,114033
739,2020-12-16 15:17:00,370.524,370.6,370.465,370.59,149903
740,2020-12-16 15:18:00,370.5881,370.69,370.58,370.69,109953
741,2020-12-16 15:19:00,370.6998,370.76,370.65,370.68,71933
742,2020-12-16 15:20:00,370.6776,370.96,370.67,370.94,195161
743,2020-12-16 15:21:00,370.93,370.935,370.62,370.67,168717
744,2020-12-16 15:22:00,370.66,370.825,370.62,370.78,79424
745,2020-12-16 15:23:00,370.79,370.87,370.72,370.82,86562
746,2020-12-16 15:24:00,370.815,370.88,370.81,370.835,59502
747,2020-12-16 15:25:00,370.83,370.895,370.75,370.8881,218356
748,2020-12-16 15:26:00,370.89,370.8911,370.78,370.8,63131
749,2020-12-16 15:27:00,370.78,370.87,370.73,370.82,61557
750,2020-12-16 15:28:00,370.8101,370.86,370.72,370.77,59376
751,2020-12-16 15:29:00,370.78,370.81,370.76,370.77,37127
752,2020-12-16 15:30:00,370.7632,370.9,370.75,370.84,79624
753,2020-12-16 15:31:00,370.8389,371.1381,370.82,371.1,282663
754,2020-12-16 15:32:00,371.11,371.16,371.04,371.14,136254
755,2020-12-16 15:33:00,371.15,371.15,370.97,371.04,143147
756,2020-12-16 15:34:00,371.045,371.11,370.9311,371.035,101671
757,2020-12-16 15:35:00,371.03,371.05,370.86,370.94,117513
758,2020-12-16 15:36:00,370.94,370.94,370.71,370.73,364801
759,2020-12-16 15:37:00,370.72,370.72,370.55,370.608,313669
760,2020-12-16 15:38:00,370.6,370.6,370.46,370.49,185942
761,2020-12-16 15:39:00,370.49,370.78,370.49,370.75,127170
762,2020-12-16 15:40:00,370.7425,370.92,370.7425,370.86,194121
763,2020-12-16 15:41:00,370.8619,370.96,370.72,370.7899,160991
764,2020-12-16 15:42:00,370.78,370.78,370.59,370.695,165734
765,2020-12-16 15:43:00,370.69,370.795,370.63,370.79,139490
766,2020-12-16 15:44:00,370.79,370.86,370.67,370.7,109291
767,2020-12-16 15:45:00,370.7,370.7423,370.61,370.66,145254
768,2020-12-16 15:46:00,370.65,370.79,370.64,370.785,148710
769,2020-12-16 15:47:00,370.78,370.8,370.7,370.715,132515
770,2020-12-16 15:48:00,370.71,370.845,370.58,370.8399,242790
771,2020-12-16 15:49:00,370.835,370.835,370.7,370.79,242735
772,2020-12-16 15:50:00,370.78,370.78,370.36,370.415,427644
773,2020-12-16 15:51:00,370.42,370.5,370.33,370.355,236488
774,2020-12-16 15:52:00,370.36,370.4,370.26,370.28,324595
775,2020-12-16 15:53:00,370.27,370.31,370.22,370.275,229005
776,2020-12-16 15:54:00,370.2725,370.47,370.25,370.44,239111
777,2020-12-16 15:55:00,370.45,370.54,370.385,370.46,252795
778,2020-12-16 15:56:00,370.455,370.47,370.33,370.43,349414
779,2020-12-16 15:57:00,370.42,370.4299,370.315,370.335,340762
780,2020-12-16 15:58:00,370.3281,370.37,370.17,370.21,569249
781,2020-12-16 15:59:00,370.21,370.33,369.93,370.14,1277985
782,2020-12-16 16:00:00,370.14,370.18,370.06,370.06,1119707
783,2020-12-17 09:30:00,371.94,372.19,371.93,372.11,454340
784,2020-12-17 09:31:00,372.1,372.23,372.0,372.17,185719
785,2020-12-17 09:32:00,372.178,372.4,372.13,372.34,179559
786,2020-12-17 09:33:00,372.35,372.46,372.19,372.21,161479
787,2020-12-17 09:34:00,372.22,372.33,372.21,372.32,119293
788,2020-12-17 09:35:00,372.32,372.37,372.28,372.3,159658
789,2020-12-17 09:36:00,372.3,372.44,372.23,372.25,172461
790,2020-12-17 09:37:00,372.245,372.27,372.16,372.22,121168
791,2020-12-17 09:38:00,372.23,372.26,372.17,372.2324,61094
792,2020-12-17 09:39:00,372.24,372.33,372.21,372.29,89637
793,2020-12-17 09:40:00,372.29,372.34,372.23,372.2755,89629
794,2020-12-17 09:41:00,372.27,372.31,372.205,372.23,120130
795,2020-12-17 09:42:00,372.23,372.23,372.1,372.108,106830
796,2020-12-17 09:43:00,372.11,372.13,371.96,372.0,129240
797,2020-12-17 09:44:00,372.01,372.01,371.71,371.788,142530
798,2020-12-17 09:45:00,371.78,371.81,371.64,371.723,124501
799,2020-12-17 09:46:00,371.72,371.98,371.7115,371.965,240074
800,2020-12-17 09:47:00,371.96,372.0487,371.93,371.935,113874
801,2020-12-17 09:48:00,371.94,372.07,371.92,371.99,79007
802,2020-12-17 09:49:00,371.995,372.05,371.95,372.03,93029
803,2020-12-17 09:50:00,372.03,372.065,371.95,371.9599,63197
804,2020-12-17 09:51:00,371.95,372.01,371.9411,371.98,54946
805,2020-12-17 09:52:00,371.97,372.0,371.8675,371.9711,138247
806,2020-12-17 09:53:00,371.98,371.99,371.875,371.875,83914
807,2020-12-17 09:54:00,371.87,371.87,371.6111,371.6401,117139
808,2020-12-17 09:55:00,371.655,371.75,371.6,371.61,63332
809,2020-12-17 09:56:00,371.62,371.63,371.52,371.58,101962
810,2020-12-17 09:57:00,371.58,371.66,371.56,371.65,71789
811,2020-12-17 09:58:00,371.64,371.6888,371.58,371.6798,85251
812,2020-12-17 09:59:00,371.688,371.73,371.63,371.71,65445
813,2020-12-17 10:00:00,371.72,371.89,371.72,371.875,91490
814,2020-12-17 10:01:00,371.88,371.88,371.7435,371.8,64729
815,2020-12-17 10:02:00,371.8011,371.81,371.65,371.68,60264
816,2020-12-17 10:03:00,371.66,371.7,371.58,371.65,57776
817,2020-12-17 10:04:00,371.65,371.67,371.54,371.5619,60242
818,2020-12-17 10:05:00,371.57,371.65,371.52,371.5446,99727
819,2020-12-17 10:06:00,371.5482,371.6219,371.5319,371.5319,52654
820,2020-12-17 10:07:00,371.53,371.64,371.5211,371.53,66451
821,2020-12-17 10:08:00,371.53,371.59,371.51,371.54,59296
822,2020-12-17 10:09:00,371.55,371.66,371.535,371.65,47705
823,2020-12-17 10:10:00,371.6578,371.6584,371.52,371.59,50452
824,2020-12-17 10:11:00,371.585,371.73,371.585,371.6219,60060
825,2020-12-17 10:12:00,371.62,371.63,371.53,371.5401,53102
826,2020-12-17 10:13:00,371.54,371.5772,371.49,371.54,112980
827,2020-12-17 10:14:00,371.5392,371.59,371.43,371.5,186699
828,2020-12-17 10:15:00,371.49,371.55,371.43,371.4762,61134
829,2020-12-17 10:16:00,371.47,371.47,371.3619,371.365,68841
830,2020-12-17 10:17:00,371.365,371.44,371.35,371.415,151346
831,2020-12-17 10:18:00,371.41,371.64,371.41,371.629,146072
832,2020-12-17 10:19:00,371.625,371.72,371.55,371.62,79894
833,2020-12-17 10:20:00,371.62,371.64,371.52,371.55,53991
834,2020-12-17 10:21:00,371.55,371.58,371.52,371.575,45490
835,2020-12-17 10:22:00,371.58,371.62,371.52,371.5355,45822
836,2020-12-17 10:23:00,371.54,371.63,371.5,371.59,132237
837,2020-12-17 10:24:00,371.59,371.59,371.51,371.5538,93813
838,2020-12-17 10:25:00,371.56,371.57,371.53,371.565,69849
839,2020-12-17 10:26:00,371.565,371.565,371.41,371.535,138996
840,2020-12-17 10:27:00,371.53,371.76,371.505,371.7401,107530
841,2020-12-17 10:28:00,371.74,371.88,371.74,371.85,114603
842,2020-12-17 10:29:00,371.85,371.96,371.82,371.895,200672
843,2020-12-17 10:30:00,371.88,371.93,371.77,371.9078,101816
844,2020-12-17 10:31:00,371.89,372.0,371.86,371.9611,106598
845,2020-12-17 10:32:00,371.9737,372.05,371.96,371.985,73197
846,2020-12-17 10:33:00,371.98,372.02,371.93,371.9989,55023
847,2020-12-17 10:34:00,371.99,372.02,371.92,371.9338,58021
848,2020-12-17 10:35:00,371.92,371.9264,371.815,371.86,65245
849,2020-12-17 10:36:00,371.85,371.91,371.83,371.868,32883
850,2020-12-17 10:37:00,371.87,371.99,371.81,371.96,205126
851,2020-12-17 10:38:00,371.96,372.0,371.945,371.955,47473
852,2020-12-17 10:39:00,371.955,372.0,371.91,371.93,60694
853,2020-12-17 10:40:00,371.93,371.96,371.8,371.83,44974
854,2020-12-17 10:41:00,371.84,371.87,371.8,371.825,65174
855,2020-12-17 10:42:00,371.825,371.88,371.81,371.86,45733
856,2020-12-17 10:43:00,371.85,371.87,371.69,371.71,64686
857,2020-12-17 10:44:00,371.71,371.725,371.37,371.6101,157195
858,2020-12-17 10:45:00,371.6289,371.88,371.6289,371.87,132804
859,2020-12-17 10:46:00,371.875,371.95,371.861,371.88,52339
860,2020-12-17 10:47:00,371.86,371.88,371.7,371.835,52905
861,2020-12-17 10:48:00,371.845,371.9101,371.765,371.9101,90604
862,2020-12-17 10:49:00,371.91,371.95,371.88,371.92,23177
863,2020-12-17 10:50:00,371.915,371.95,371.88,371.92,19386
864,2020-12-17 10:51:00,371.93,371.93,371.75,371.7605,58388
865,2020-12-17 10:52:00,371.76,371.84,371.76,371.83,45368
866,2020-12-17 10:53:00,371.81,371.82,371.74,371.805,35020
867,2020-12-17 10:54:00,371.805,371.825,371.72,371.75,50055
868,2020-12-17 10:55:00,371.75,371.77,371.63,371.73,44457
869,2020-12-17 10:56:00,371.735,371.78,371.6489,371.71,99213
870,2020-12-17 10:57:00,371.72,371.73,371.58,371.625,43506
871,2020-12-17 10:58:00,371.63,371.64,371.54,371.56,46108
872,2020-12-17 10:59:00,371.555,371.59,371.465,371.575,101494
873,2020-12-17 11:00:00,371.58,371.61,371.51,371.565,101348
874,2020-12-17 11:01:00,371.56,371.62,371.49,371.58,50695
875,2020-12-17 11:02:00,371.59,371.61,371.53,371.585,58513
876,2020-12-17 11:03:00,371.59,371.7,371.575,371.66,82566
877,2020-12-17 11:04:00,371.66,371.66,371.412,371.4805,90741
878,2020-12-17 11:05:00,371.47,371.68,371.47,371.645,96117
879,2020-12-17 11:06:00,371.655,371.66,371.6,371.605,32388
880,2020-12-17 11:07:00,371.605,371.6364,371.57,371.6,44766
881,2020-12-17 11:08:00,371.59,371.69,371.58,371.6701,45161
882,2020-12-17 11:09:00,371.67,371.73,371.64,371.71,78194
883,2020-12-17 11:10:00,371.71,371.725,371.665,371.705,49203
884,2020-12-17 11:11:00,371.705,371.7499,371.67,371.68,41968
885,2020-12-17 11:12:00,371.68,371.74,371.6,371.61,44304
886,2020-12-17 11:13:00,371.6118,371.795,371.6118,371.7684,69016
887,2020-12-17 11:14:00,371.76,371.76,371.635,371.65,52081
888,2020-12-17 11:15:00,371.6511,371.8,371.62,371.7933,55169
889,2020-12-17 11:16:00,371.7907,371.87,371.7723,371.86,100248
890,2020-12-17 11:17:00,371.86,371.9,371.78,371.865,65278
891,2020-12-17 11:18:00,371.865,371.8882,371.8418,371.875,53532
892,2020-12-17 11:19:00,371.8718,371.8792,371.78,371.785,49991
893,2020-12-17 11:20:00,371.78,371.79,371.69,371.7301,93915
894,2020-12-17 11:21:00,371.73,371.76,371.7,371.74,46952
895,2020-12-17 11:22:00,371.735,371.7781,371.71,371.761,45704
896,2020-12-17 11:23:00,371.7611,371.823,371.74,371.78,43392
897,2020-12-17 11:24:00,371.7622,371.82,371.76,371.7999,66284
898,2020-12-17 11:25:00,371.7982,371.83,371.75,371.75,40377
899,2020-12-17 11:26:00,371.7581,371.78,371.73,371.74,38263
900,2020-12-17 11:27:00,371.735,371.76,371.69,371.73,28675
901,2020-12-17 11:28:00,371.73,371.8,371.69,371.705,59738
902,2020-12-17 11:29:00,371.7,371.72,371.64,371.69,85242
903,2020-12-17 11:30:00,371.67,371.73,371.51,371.57,64332
904,2020-12-17 11:31:00,371.57,371.57,371.44,371.4489,69546
905,2020-12-17 11:32:00,371.45,371.505,371.42,371.5,96798
906,2020-12-17 11:33:00,371.49,371.555,371.38,371.44,67752
907,2020-12-17 11:34:00,371.44,371.62,371.4,371.58,123666
908,2020-12-17 11:35:00,371.58,371.63,371.53,371.56,47521
909,2020-12-17 11:36:00,371.55,371.62,371.54,371.5889,61164
910,2020-12-17 11:37:00,371.58,371.6,371.55,371.58,42769
911,2020-12-17 11:38:00,371.5809,371.63,371.54,371.602,34489
912,2020-12-17 11:39:00,371.6,371.6,371.54,371.558,26244
913,2020-12-17 11:40:00,371.552,371.6162,371.54,371.6101,28899
914,2020-12-17 11:41:00,371.615,371.64,371.58,371.615,41619
915,2020-12-17 11:42:00,371.615,371.65,371.555,371.65,28584
916,2020-12-17 11:43:00,371.65,371.67,371.58,371.5838,35783
917,2020-12-17 11:44:00,371.585,371.6181,371.565,371.605,41978
918,2020-12-17 11:45:00,371.6,371.63,371.57,371.6001,54760
919,2020-12-17 11:46:00,371.61,371.62,371.54,371.615,40676
920,2020-12-17 11:47:00,371.6,371.63,371.5625,371.605,48725
921,2020-12-17 11:48:00,371.61,371.615,371.54,371.5989,22759
922,2020-12-17 11:49:00,371.6,371.605,371.485,371.5,39854
923,2020-12-17 11:50:00,371.5,371.51,371.4011,371.48,77414
924,2020-12-17 11:51:00,371.47,371.4782,371.3,371.32,51052
925,2020-12-17 11:52:00,371.32,371.32,371.163,371.163,96152
926,2020-12-17 11:53:00,371.18,371.2,371.07,371.09,134799
927,2020-12-17 11:54:00,371.09,371.14,371.05,371.12,89667
928,2020-12-17 11:55:00,371.125,371.22,371.085,371.22,119573
929,2020-12-17 11:56:00,371.213,371.31,371.213,371.245,72734
930,2020-12-17 11:57:00,371.24,371.3201,371.215,371.32,33150
931,2020-12-17 11:58:00,371.32,371.48,371.32,371.465,71758
932,2020-12-17 11:59:00,371.46,371.66,371.46,371.644,70569
933,2020-12-17 12:00:00,371.64,371.72,371.56,371.57,44233
934,2020-12-17 12:01:00,371.57,371.66,371.53,371.625,53781
935,2020-12-17 12:02:00,371.625,371.7083,371.625,371.67,37523
936,2020-12-17 12:03:00,371.68,371.69,371.581,371.59,48467
937,2020-12-17 12:04:00,371.59,371.64,371.56,371.61,46475
938,2020-12-17 12:05:00,371.615,371.65,371.55,371.6005,49518
939,2020-12-17 12:06:00,371.62,371.65,371.54,371.57,31453
940,2020-12-17 12:07:00,371.56,371.58,371.51,371.545,34065
941,2020-12-17 12:08:00,371.545,371.565,371.54,371.5455,19261
942,2020-12-17 12:09:00,371.54,371.54,371.5,371.52,9752
943,2020-12-17 12:10:00,371.52,371.53,371.44,371.4462,38652
944,2020-12-17 12:11:00,371.44,371.44,371.395,371.41,19271
945,2020-12-17 12:12:00,371.405,371.5,371.36,371.43,51621
946,2020-12-17 12:13:00,371.435,371.49,371.385,371.3955,23580
947,2020-12-17 12:14:00,371.39,371.45,371.38,371.4,32303
948,2020-12-17 12:15:00,371.39,371.4019,371.27,371.295,34069
949,2020-12-17 12:16:00,371.29,371.29,371.19,371.26,68790
950,2020-12-17 12:17:00,371.25,371.47,371.25,371.36,61093
951,2020-12-17 12:18:00,371.36,371.39,371.23,371.245,67641
952,2020-12-17 12:19:00,371.25,371.34,371.25,371.2824,36817
953,2020-12-17 12:20:00,371.2713,371.39,371.25,371.38,43710
954,2020-12-17 12:21:00,371.3623,371.38,371.32,371.375,44535
955,2020-12-17 12:22:00,371.38,371.46,371.345,371.46,32953
956,2020-12-17 12:23:00,371.4599,371.48,371.4,371.45,43012
957,2020-12-17 12:24:00,371.455,371.46,371.36,371.39,62144
958,2020-12-17 12:25:00,371.4,371.447,371.34,371.4352,29971
959,2020-12-17 12:26:00,371.43,371.51,371.42,371.45,50036
960,2020-12-17 12:27:00,371.455,371.475,371.38,371.455,48462
961,2020-12-17 12:28:00,371.46,371.54,371.46,371.522,25798
962,2020-12-17 12:29:00,371.52,371.54,371.45,371.45,38123
963,2020-12-17 12:30:00,371.44,371.49,371.41,371.4301,21594
964,2020-12-17 12:31:00,371.435,371.44,371.4,371.435,14069
965,2020-12-17 12:32:00,371.45,371.47,371.405,371.41,14884
966,2020-12-17 12:33:00,371.4016,371.46,371.385,371.4419,20604
967,2020-12-17 12:34:00,371.445,371.52,371.44,371.45,27914
968,2020-12-17 12:35:00,371.45,371.4502,371.38,371.4101,15747
969,2020-12-17 12:36:00,371.41,371.43,371.31,371.4253,82684
970,2020-12-17 12:37:00,371.42,371.48,371.36,371.4155,27462
971,2020-12-17 12:38:00,371.415,371.415,371.35,371.36,25589
972,2020-12-17 12:39:00,371.36,371.42,371.33,371.4005,17615
973,2020-12-17 12:40:00,371.415,371.4999,371.41,371.485,19890
974,2020-12-17 12:41:00,371.49,371.58,371.47,371.57,30622
975,2020-12-17 12:42:00,371.56,371.61,371.55,371.6,54129
976,2020-12-17 12:43:00,371.59,371.5919,371.55,371.5875,22514
977,2020-12-17 12:44:00,371.5875,371.59,371.55,371.56,22123
978,2020-12-17 12:45:00,371.555,371.59,371.55,371.555,24902
979,2020-12-17 12:46:00,371.555,371.67,371.55,371.6001,33883
980,2020-12-17 12:47:00,371.6,371.65,371.6,371.63,25974
981,2020-12-17 12:48:00,371.63,371.69,371.62,371.6801,26216
982,2020-12-17 12:49:00,371.68,371.68,371.63,371.635,31352
983,2020-12-17 12:50:00,371.64,371.65,371.57,371.575,51650
984,2020-12-17 12:51:00,371.575,371.585,371.52,371.5294,31117
985,2020-12-17 12:52:00,371.5289,371.61,371.5289,371.6,47895
986,2020-12-17 12:53:00,371.6083,371.67,371.605,371.635,32532
987,2020-12-17 12:54:00,371.635,371.69,371.63,371.68,49423
988,2020-12-17 12:55:00,371.68,371.7,371.63,371.67,64106
989,2020-12-17 12:56:00,371.66,371.72,371.63,371.685,45740
990,2020-12-17 12:57:00,371.68,371.7089,371.6001,371.7089,27816
991,2020-12-17 12:58:00,371.705,371.82,371.705,371.76,55765
992,2020-12-17 12:59:00,371.76,371.769,371.68,371.685,29010
993,2020-12-17 13:00:00,371.68,371.74,371.68,371.73,40011
994,2020-12-17 13:01:00,371.725,371.73,371.67,371.705,21429
995,2020-12-17 13:02:00,371.705,371.7882,371.705,371.7455,40868
996,2020-12-17 13:03:00,371.745,371.81,371.73,371.81,54069
997,2020-12-17 13:04:00,371.805,371.86,371.7962,371.8005,30724
998,2020-12-17 13:05:00,371.8,371.85,371.79,371.82,43730
999,2020-12-17 13:06:00,371.825,371.92,371.81,371.92,78696
1000,2020-12-17 13:07:00,371.92,371.97,371.89,371.89,61412
1001,2020-12-17 13:08:00,371.9,371.91,371.86,371.87,56447
1002,2020-12-17 13:09:00,371.86,371.88,371.845,371.8501,42453
1003,2020-12-17 13:10:00,371.86,371.9,371.84,371.84,46308
1004,2020-12-17 13:11:00,371.835,371.921,371.815,371.921,41315
1005,2020-12-17 13:12:00,371.92,371.96,371.9,371.935,47205
1006,2020-12-17 13:13:00,371.925,371.97,371.91,371.916,40709
1007,2020-12-17 13:14:00,371.915,371.95,371.91,371.95,57535
1008,2020-12-17 13:15:00,371.94,371.97,371.93,371.9655,38645
1009,2020-12-17 13:16:00,371.965,371.98,371.89,371.89,62920
1010,2020-12-17 13:17:00,371.9,371.9099,371.8311,371.84,60581
1011,2020-12-17 13:18:00,371.8353,371.89,371.82,371.8401,53885
1012,2020-12-17 13:19:00,371.84,371.86,371.82,371.86,27418
1013,2020-12-17 13:20:00,371.85,371.93,371.84,371.9,51310
1014,2020-12-17 13:21:00,371.8918,371.97,371.8918,371.94,38135
1015,2020-12-17 13:22:00,371.9419,371.95,371.925,371.935,28746
1016,2020-12-17 13:23:00,371.935,371.96,371.9311,371.96,18606
1017,2020-12-17 13:24:00,371.952,371.96,371.92,371.925,26050
1018,2020-12-17 13:25:00,371.92,371.96,371.905,371.9238,24032
1019,2020-12-17 13:26:00,371.9218,371.925,371.88,371.92,41436
1020,2020-12-17 13:27:00,371.9218,371.95,371.9018,371.92,21046
1021,2020-12-17 13:28:00,371.91,371.91,371.87,371.875,19072
1022,2020-12-17 13:29:00,371.88,371.93,371.88,371.89,17599
1023,2020-12-17 13:30:00,371.895,371.915,371.865,371.88,21796
1024,2020-12-17 13:31:00,371.8725,371.8799,371.83,371.835,24727
1025,2020-12-17 13:32:00,371.832,371.8757,371.81,371.84,31071
1026,2020-12-17 13:33:00,371.84,371.85,371.78,371.8175,36408
1027,2020-12-17 13:34:00,371.81,371.87,371.77,371.8689,47597
1028,2020-12-17 13:35:00,371.86,371.9,371.85,371.8705,32162
1029,2020-12-17 13:36:00,371.87,371.89,371.84,371.845,17630
1030,2020-12-17 13:37:00,371.85,371.91,371.7919,371.865,46640
1031,2020-12-17 13:38:00,371.87,371.91,371.8268,371.9055,23600
1032,2020-12-17 13:39:00,371.91,371.96,371.88,371.895,34399
1033,2020-12-17 13:40:00,371.895,371.9,371.86,371.9,31099
1034,2020-12-17 13:41:00,371.895,371.895,371.855,371.875,21165
1035,2020-12-17 13:42:00,371.86,371.95,371.8536,371.93,23681
1036,2020-12-17 13:43:00,371.92,371.92,371.85,371.865,42130
1037,2020-12-17 13:44:00,371.86,371.89,371.86,371.8724,18491
1038,2020-12-17 13:45:00,371.86,371.88,371.83,371.86,37230
1039,2020-12-17 13:46:00,371.85,371.88,371.8218,371.87,22942
1040,2020-12-17 13:47:00,371.8691,371.88,371.77,371.78,80207
1041,2020-12-17 13:48:00,371.7717,371.88,371.7701,371.88,38486
1042,2020-12-17 13:49:00,371.88,371.9193,371.87,371.91,27096
1043,2020-12-17 13:50:00,371.9,371.91,371.86,371.9,22284
1044,2020-12-17 13:51:00,371.9,372.06,371.89,372.005,72465
1045,2020-12-17 13:52:00,372.0,372.03,371.97,372.02,37686
1046,2020-12-17 13:53:00,372.01,372.09,371.98,372.08,47765
1047,2020-12-17 13:54:00,372.06,372.1,371.99,372.0,80033
1048,2020-12-17 13:55:00,372.0,372.0,371.94,371.97,52298
1049,2020-12-17 13:56:00,371.97,372.06,371.97,372.03,43586
1050,2020-12-17 13:57:00,372.04,372.1,372.03,372.0938,28834
1051,2020-12-17 13:58:00,372.1,372.13,372.0501,372.085,35976
1052,2020-12-17 13:59:00,372.08,372.135,372.05,372.135,23166
1053,2020-12-17 14:00:00,372.13,372.135,371.96,372.03,117667
1054,2020-12-17 14:01:00,372.025,372.07,371.965,371.9763,76172
1055,2020-12-17 14:02:00,371.98,372.07,371.97,372.065,57640
1056,2020-12-17 14:03:00,372.065,372.125,372.06,372.125,48554
1057,2020-12-17 14:04:00,372.12,372.15,372.05,372.1,61840
1058,2020-12-17 14:05:00,372.105,372.105,372.0429,372.0962,55534
1059,2020-12-17 14:06:00,372.09,372.13,372.08,372.08,52068
1060,2020-12-17 14:07:00,372.09,372.15,372.07,372.1138,47631
1061,2020-12-17 14:08:00,372.12,372.16,372.09,372.15,65761
1062,2020-12-17 14:09:00,372.16,372.19,372.1176,372.12,64311
1063,2020-12-17 14:10:00,372.12,372.13,372.08,372.11,36242
1064,2020-12-17 14:11:00,372.1,372.12,372.07,372.12,28636
1065,2020-12-17 14:12:00,372.12,372.15,372.09,372.1,34338
1066,2020-12-17 14:13:00,372.1,372.11,372.01,372.03,42909
1067,2020-12-17 14:14:00,372.04,372.07,371.98,372.05,51797
1068,2020-12-17 14:15:00,372.05,372.2,372.05,372.1784,73409
1069,2020-12-17 14:16:00,372.17,372.21,372.15,372.175,50338
1070,2020-12-17 14:17:00,372.17,372.2,372.16,372.16,40046
1071,2020-12-17 14:18:00,372.155,372.19,372.11,372.1801,39414
1072,2020-12-17 14:19:00,372.185,372.2,372.14,372.145,42581
1073,2020-12-17 14:20:00,372.15,372.15,372.1,372.12,42230
1074,2020-12-17 14:21:00,372.1161,372.178,372.11,372.178,54064
1075,2020-12-17 14:22:00,372.17,372.18,372.15,372.18,34706
1076,2020-12-17 14:23:00,372.17,372.185,372.135,372.14,36380
1077,2020-12-17 14:24:00,372.13,372.16,372.11,372.1589,36202
1078,2020-12-17 14:25:00,372.16,372.19,372.12,372.13,68369
1079,2020-12-17 14:26:00,372.13,372.14,372.1,372.105,46138
1080,2020-12-17 14:27:00,372.11,372.14,372.09,372.11,64662
1081,2020-12-17 14:28:00,372.1,372.11,372.03,372.095,69850
1082,2020-12-17 14:29:00,372.1,372.1,372.02,372.045,41089
1083,2020-12-17 14:30:00,372.05,372.12,372.05,372.115,46945
1084,2020-12-17 14:31:00,372.12,372.19,372.115,372.175,41948
1085,2020-12-17 14:32:00,372.18,372.22,372.16,372.18,104520
1086,2020-12-17 14:33:00,372.18,372.19,372.11,372.115,47219
1087,2020-12-17 14:34:00,372.11,372.15,372.07,372.11,105401
1088,2020-12-17 14:35:00,372.11,372.14,372.08,372.13,76174
1089,2020-12-17 14:36:00,372.125,372.13,372.06,372.11,88141
1090,2020-12-17 14:37:00,372.105,372.17,372.06,372.105,61356
1091,2020-12-17 14:38:00,372.11,372.1125,372.03,372.06,58518
1092,2020-12-17 14:39:00,372.06,372.105,372.06,372.0777,64247
1093,2020-12-17 14:40:00,372.075,372.14,372.05,372.12,45678
1094,2020-12-17 14:41:00,372.12,372.12,372.03,372.07,48989
1095,2020-12-17 14:42:00,372.06,372.07,372.0,372.01,59567
1096,2020-12-17 14:43:00,372.0066,372.03,371.96,371.98,45312
1097,2020-12-17 14:44:00,371.985,372.02,371.98,372.02,34741
1098,2020-12-17 14:45:00,372.03,372.16,372.02,372.14,82581
1099,2020-12-17 14:46:00,372.13,372.13,372.08,372.095,36802
1100,2020-12-17 14:47:00,372.09,372.16,372.09,372.12,37959
1101,2020-12-17 14:48:00,372.115,372.15,372.11,372.145,52801
1102,2020-12-17 14:49:00,372.15,372.19,372.1,372.11,90828
1103,2020-12-17 14:50:00,372.11,372.16,372.09,372.13,49999
1104,2020-12-17 14:51:00,372.125,372.185,372.11,372.1655,55957
1105,2020-12-17 14:52:00,372.164,372.17,372.08,372.085,61461
1106,2020-12-17 14:53:00,372.085,372.15,372.085,372.13,41765
1107,2020-12-17 14:54:00,372.13,372.195,372.1,372.1,43397
1108,2020-12-17 14:55:00,372.09,372.1,372.025,372.045,48077
1109,2020-12-17 14:56:00,372.045,372.12,372.04,372.12,39161
1110,2020-12-17 14:57:00,372.115,372.19,372.115,372.1338,66133
1111,2020-12-17 14:58:00,372.12,372.15,372.095,372.13,36996
1112,2020-12-17 14:59:00,372.1201,372.17,372.09,372.095,35146
1113,2020-12-17 15:00:00,372.095,372.19,372.095,372.19,41649
1114,2020-12-17 15:01:00,372.185,372.23,372.06,372.06,87671
1115,2020-12-17 15:02:00,372.06,372.105,371.995,372.0701,66911
1116,2020-12-17 15:03:00,372.0717,372.08,371.97,372.01,49022
1117,2020-12-17 15:04:00,372.01,372.055,371.96,372.03,71104
1118,2020-12-17 15:05:00,372.03,372.06,371.96,371.9755,46318
1119,2020-12-17 15:06:00,371.97,371.985,371.9,371.945,113348
1120,2020-12-17 15:07:00,371.945,371.96,371.74,371.76,255355
1121,2020-12-17 15:08:00,371.7611,371.8881,371.7611,371.86,92742
1122,2020-12-17 15:09:00,371.8508,371.94,371.85,371.855,117347
1123,2020-12-17 15:10:00,371.86,371.89,371.76,371.81,78140
1124,2020-12-17 15:11:00,371.81,371.88,371.7955,371.855,54495
1125,2020-12-17 15:12:00,371.855,371.87,371.79,371.8029,69953
1126,2020-12-17 15:13:00,371.81,371.835,371.79,371.815,84693
1127,2020-12-17 15:14:00,371.81,371.825,371.78,371.79,42779
1128,2020-12-17 15:15:00,371.785,371.87,371.76,371.855,105164
1129,2020-12-17 15:16:00,371.86,372.0,371.86,371.975,183399
1130,2020-12-17 15:17:00,371.97,371.975,371.77,371.8215,139801
1131,2020-12-17 15:18:00,371.82,371.82,371.69,371.7381,121098
1132,2020-12-17 15:19:00,371.76,371.86,371.73,371.855,164575
1133,2020-12-17 15:20:00,371.86,371.928,371.85,371.92,80492
1134,2020-12-17 15:21:00,371.92,371.9781,371.91,371.9781,176814
1135,2020-12-17 15:22:00,371.97,372.04,371.94,372.025,190393
1136,2020-12-17 15:23:00,372.02,372.069,371.99,372.055,87332
1137,2020-12-17 15:24:00,372.07,372.12,372.03,372.11,108977
1138,2020-12-17 15:25:00,372.115,372.13,372.03,372.04,79411
1139,2020-12-17 15:26:00,372.035,372.16,372.035,372.16,47413
1140,2020-12-17 15:27:00,372.155,372.17,372.08,372.1155,59077
1141,2020-12-17 15:28:00,372.11,372.115,372.03,372.04,47032
1142,2020-12-17 15:29:00,372.04,372.04,371.85,371.85,105060
1143,2020-12-17 15:30:00,371.86,371.91,371.72,371.78,228338
1144,2020-12-17 15:31:00,371.78,371.79,371.65,371.6755,142358
1145,2020-12-17 15:32:00,371.6782,371.71,371.62,371.67,79811
1146,2020-12-17 15:33:00,371.67,371.67,371.61,371.62,64582
1147,2020-12-17 15:34:00,371.62,371.71,371.52,371.7,109337
1148,2020-12-17 15:35:00,371.7099,371.73,371.6,371.69,81287
1149,2020-12-17 15:36:00,371.695,371.84,371.64,371.835,149726
1150,2020-12-17 15:37:00,371.83,372.11,371.79,372.055,159660
1151,2020-12-17 15:38:00,372.06,372.11,371.98,372.02,220742
1152,2020-12-17 15:39:00,372.02,372.0678,371.94,371.95,81176
1153,2020-12-17 15:40:00,371.94,372.02,371.89,371.9,81263
1154,2020-12-17 15:41:00,371.89,371.98,371.89,371.96,117839
1155,2020-12-17 15:42:00,371.965,372.09,371.94,372.0155,87682
1156,2020-12-17 15:43:00,372.01,372.01,371.955,372.005,93527
1157,2020-12-17 15:44:00,372.015,372.05,371.97,372.0,98982
1158,2020-12-17 15:45:00,371.995,372.025,371.89,371.91,147729
1159,2020-12-17 15:46:00,371.905,372.0,371.88,371.975,97326
1160,2020-12-17 15:47:00,371.98,372.015,371.9,371.94,160776
1161,2020-12-17 15:48:00,371.94,371.96,371.8201,371.83,145729
1162,2020-12-17 15:49:00,371.84,371.9,371.82,371.83,143424
1163,2020-12-17 15:50:00,371.83,372.1,371.81,372.09,272995
1164,2020-12-17 15:51:00,372.08,372.1,371.96,372.07,163529
1165,2020-12-17 15:52:00,372.08,372.13,372.08,372.095,199788
1166,2020-12-17 15:53:00,372.1,372.15,372.01,372.01,186927
1167,2020-12-17 15:54:00,372.01,372.24,372.01,372.23,261425
1168,2020-12-17 15:55:00,372.23,372.27,372.12,372.155,312476
1169,2020-12-17 15:56:00,372.15,372.18,372.08,372.0862,392701
1170,2020-12-17 15:57:00,372.09,372.23,372.07,372.105,381545
1171,2020-12-17 15:58:00,372.105,372.12,371.92,372.03,491202
1172,2020-12-17 15:59:00,372.04,372.25,372.02,372.21,673602
1173,2020-12-17 16:00:00,372.24,372.24,372.17,372.19,2475911
1174,2020-12-18 09:30:00,370.97,371.15,370.87,371.03,991130
1175,2020-12-18 09:31:00,371.02,371.07,370.79,370.8,715863
1176,2020-12-18 09:32:00,370.81,370.9,370.78,370.85,462177
1177,2020-12-18 09:33:00,370.85,370.86,370.61,370.69,461289
1178,2020-12-18 09:34:00,370.68,370.69,370.42,370.59,290341
1179,2020-12-18 09:35:00,370.59,370.6,370.39,370.45,299803
1180,2020-12-18 09:36:00,370.44,370.61,370.37,370.57,249224
1181,2020-12-18 09:37:00,370.56,370.56,370.31,370.41,327297
1182,2020-12-18 09:38:00,370.41,370.48,370.36,370.44,259739
1183,2020-12-18 09:39:00,370.44,370.45,370.35,370.43,137929
1184,2020-12-18 09:40:00,370.435,370.48,370.09,370.12,394135
1185,2020-12-18 09:41:00,370.13,370.42,370.12,370.345,173217
1186,2020-12-18 09:42:00,370.36,370.38,370.26,370.29,127276
1187,2020-12-18 09:43:00,370.29,370.33,370.25,370.3,128930
1188,2020-12-18 09:44:00,370.3,370.305,369.91,369.93,334721
1189,2020-12-18 09:45:00,369.94,370.02,369.74,369.78,280907
1190,2020-12-18 09:46:00,369.79,369.85,369.6201,369.7,194110
1191,2020-12-18 09:47:00,369.71,369.92,369.69,369.89,190050
1192,2020-12-18 09:48:00,369.88,369.96,369.84,369.875,148763
1193,2020-12-18 09:49:00,369.87,369.87,369.7063,369.72,232248
1194,2020-12-18 09:50:00,369.735,369.78,369.645,369.645,208136
1195,2020-12-18 09:51:00,369.65,369.7,369.61,369.67,103594
1196,2020-12-18 09:52:00,369.67,369.7699,369.42,369.43,203251
1197,2020-12-18 09:53:00,369.43,369.47,369.12,369.2,471023
1198,2020-12-18 09:54:00,369.18,369.29,369.04,369.2899,189833
1199,2020-12-18 09:55:00,369.27,369.5,369.26,369.5,184074
1200,2020-12-18 09:56:00,369.49,369.53,369.46,369.51,97095
1201,2020-12-18 09:57:00,369.5,369.7211,369.46,369.7019,152914
1202,2020-12-18 09:58:00,369.7,369.7,369.5,369.57,98353
1203,2020-12-18 09:59:00,369.57,369.68,369.54,369.62,122175
1204,2020-12-18 10:00:00,369.64,369.64,369.34,369.3401,173390
1205,2020-12-18 10:01:00,369.35,369.36,369.19,369.3589,154881
1206,2020-12-18 10:02:00,369.36,369.52,369.36,369.42,173465
1207,2020-12-18 10:03:00,369.42,369.42,369.1718,369.21,152955
1208,2020-12-18 10:04:00,369.19,369.24,368.67,368.92,317248
1209,2020-12-18 10:05:00,368.93,369.02,368.85,368.93,235455
1210,2020-12-18 10:06:00,368.915,369.01,368.83,368.92,185947
1211,2020-12-18 10:07:00,368.92,369.15,368.91,369.12,186344
1212,2020-12-18 10:08:00,369.14,369.35,369.09,369.3,200932
1213,2020-12-18 10:09:00,369.3,369.47,369.27,369.44,140615
1214,2020-12-18 10:10:00,369.43,369.49,369.22,369.4699,161632
1215,2020-12-18 10:11:00,369.455,369.53,369.41,369.42,109092
1216,2020-12-18 10:12:00,369.4,369.44,369.305,369.33,102474
1217,2020-12-18 10:13:00,369.33,369.4086,369.075,369.12,166504
1218,2020-12-18 10:14:00,369.11,369.4699,369.11,369.37,95463
1219,2020-12-18 10:15:00,369.375,369.43,369.26,369.285,92608
1220,2020-12-18 10:16:00,369.29,369.33,368.9899,369.12,227655
1221,2020-12-18 10:17:00,369.13,369.28,369.09,369.189,135430
1222,2020-12-18 10:18:00,369.18,369.33,369.14,369.31,95158
1223,2020-12-18 10:19:00,369.32,369.73,369.28,369.3319,103077
1224,2020-12-18 10:20:00,369.33,369.39,369.26,369.35,62795
1225,2020-12-18 10:21:00,369.35,369.35,369.2,369.2084,81221
1226,2020-12-18 10:22:00,369.21,369.24,369.05,369.06,81112
1227,2020-12-18 10:23:00,369.07,369.19,368.77,368.9,166411
1228,2020-12-18 10:24:00,368.91,369.09,368.89,369.03,103883
1229,2020-12-18 10:25:00,369.03,369.23,369.01,369.18,94421
1230,2020-12-18 10:26:00,369.18,369.25,368.75,368.755,108454
1231,2020-12-18 10:27:00,368.75,368.77,368.55,368.72,207807
1232,2020-12-18 10:28:00,368.73,368.79,368.66,368.75,139487
1233,2020-12-18 10:29:00,368.76,368.88,368.75,368.81,69965
1234,2020-12-18 10:30:00,368.8101,368.88,368.71,368.77,53662
1235,2020-12-18 10:31:00,368.78,368.93,368.775,368.8909,79730
1236,2020-12-18 10:32:00,368.9,368.9699,368.85,368.94,118743
1237,2020-12-18 10:33:00,368.94,369.01,368.89,368.9,105449
1238,2020-12-18 10:34:00,368.9,368.9,368.66,368.71,97359
1239,2020-12-18 10:35:00,368.705,368.8099,368.56,368.63,105975
1240,2020-12-18 10:36:00,368.635,368.83,368.6201,368.81,113731
1241,2020-12-18 10:37:00,368.82,368.95,368.68,368.69,88013
1242,2020-12-18 10:38:00,368.69,368.7,368.43,368.67,206188
1243,2020-12-18 10:39:00,368.66,368.8,368.65,368.7784,82370
1244,2020-12-18 10:40:00,368.77,368.92,368.7,368.87,94956
1245,2020-12-18 10:41:00,368.86,368.98,368.82,368.87,84275
1246,2020-12-18 10:42:00,368.8601,368.865,368.75,368.8289,56711
1247,2020-12-18 10:43:00,368.83,368.96,368.825,368.9,70142
1248,2020-12-18 10:44:00,368.885,369.055,368.885,368.93,154146
1249,2020-12-18 10:45:00,368.93,368.9898,368.84,368.97,88356
1250,2020-12-18 10:46:00,368.96,368.97,368.8,368.8,53691
1251,2020-12-18 10:47:00,368.79,368.83,368.69,368.77,58041
1252,2020-12-18 10:48:00,368.76,368.81,368.7,368.74,45039
1253,2020-12-18 10:49:00,368.74,368.75,368.5367,368.69,138140
1254,2020-12-18 10:50:00,368.69,368.72,368.55,368.6298,134240
1255,2020-12-18 10:51:00,368.64,368.79,368.64,368.75,117265
1256,2020-12-18 10:52:00,368.75,368.84,368.74,368.805,109308
1257,2020-12-18 10:53:00,368.8,368.8,368.705,368.8,98612
1258,2020-12-18 10:54:00,368.81,368.88,368.805,368.82,56800
1259,2020-12-18 10:55:00,368.819,369.065,368.819,369.06,196298
1260,2020-12-18 10:56:00,369.04,369.19,369.02,369.19,135597
1261,2020-12-18 10:57:00,369.1808,369.21,369.1501,369.18,107830
1262,2020-12-18 10:58:00,369.185,369.2,369.11,369.12,123680
1263,2020-12-18 10:59:00,369.115,369.13,369.0,369.0498,118143
1264,2020-12-18 11:00:00,369.04,369.14,368.98,369.13,132288
1265,2020-12-18 11:01:00,369.12,369.2,369.12,369.16,107894
1266,2020-12-18 11:02:00,369.17,369.18,369.05,369.0841,59827
1267,2020-12-18 11:03:00,369.09,369.16,369.06,369.14,56928
1268,2020-12-18 11:04:00,369.135,369.19,369.08,369.095,49012
1269,2020-12-18 11:05:00,369.095,369.1,369.04,369.09,68143
1270,2020-12-18 11:06:00,369.08,369.08,368.9,368.92,74061
1271,2020-12-18 11:07:00,368.92,368.92,368.74,368.86,97514
1272,2020-12-18 11:08:00,368.8494,369.01,368.8494,368.98,62615
1273,2020-12-18 11:09:00,368.97,369.04,368.92,368.9899,60518
1274,2020-12-18 11:10:00,368.99,368.99,368.85,368.93,45837
1275,2020-12-18 11:11:00,368.93,368.97,368.785,368.79,67985
1276,2020-12-18 11:12:00,368.78,368.79,368.35,368.3832,152646
1277,2020-12-18 11:13:00,368.4,368.44,368.06,368.22,358599
1278,2020-12-18 11:14:00,368.22,368.25,368.1,368.14,240056
1279,2020-12-18 11:15:00,368.1303,368.1303,367.7,367.87,369199
1280,2020-12-18 11:16:00,367.87,368.1,367.82,368.03,195352
1281,2020-12-18 11:17:00,368.02,368.09,367.87,368.08,239733
1282,2020-12-18 11:18:00,368.07,368.27,368.0304,368.2598,159408
1283,2020-12-18 11:19:00,368.25,368.33,368.21,368.3,85277
1284,2020-12-18 11:20:00,368.29,368.33,368.27,368.3,74643
1285,2020-12-18 11:21:00,368.295,368.35,368.22,368.31,90074
1286,2020-12-18 11:22:00,368.305,368.42,368.23,368.3916,85331
1287,2020-12-18 11:23:00,368.38,368.54,368.38,368.46,130891
1288,2020-12-18 11:24:00,368.46,368.58,368.41,368.5798,46748
1289,2020-12-18 11:25:00,368.57,368.62,368.56,368.62,84403
1290,2020-12-18 11:26:00,368.6198,368.62,368.51,368.52,66855
1291,2020-12-18 11:27:00,368.51,368.53,368.43,368.49,80543
1292,2020-12-18 11:28:00,368.485,368.495,368.37,368.43,63576
1293,2020-12-18 11:29:00,368.42,368.4319,368.36,368.37,56148
1294,2020-12-18 11:30:00,368.37,368.46,368.3,368.37,89560
1295,2020-12-18 11:31:00,368.35,368.4,368.29,368.35,126863
1296,2020-12-18 11:32:00,368.36,368.39,368.2337,368.24,115753
1297,2020-12-18 11:33:00,368.23,368.28,368.175,368.21,70873
1298,2020-12-18 11:34:00,368.22,368.4233,368.22,368.4094,83290
1299,2020-12-18 11:35:00,368.4,368.45,368.33,368.415,61435
1300,2020-12-18 11:36:00,368.41,368.43,368.29,368.41,62585
1301,2020-12-18 11:37:00,368.41,368.441,368.35,368.35,43462
1302,2020-12-18 11:38:00,368.36,368.38,368.3189,368.32,29732
1303,2020-12-18 11:39:00,368.325,368.39,368.29,368.31,57338
1304,2020-12-18 11:40:00,368.3,368.34,368.18,368.23,70883
1305,2020-12-18 11:41:00,368.2299,368.24,368.18,368.239,64235
1306,2020-12-18 11:42:00,368.23,368.44,368.23,368.33,132908
1307,2020-12-18 11:43:00,368.33,368.37,368.28,368.325,48711
1308,2020-12-18 11:44:00,368.33,368.39,368.3159,368.385,31014
1309,2020-12-18 11:45:00,368.385,368.47,368.375,368.45,50384
1310,2020-12-18 11:46:00,368.455,368.54,368.425,368.5,77922
1311,2020-12-18 11:47:00,368.5,368.54,368.455,368.51,68728
1312,2020-12-18 11:48:00,368.5011,368.54,368.45,368.54,57441
1313,2020-12-18 11:49:00,368.5384,368.565,368.4699,368.56,92589
1314,2020-12-18 11:50:00,368.55,368.6,368.51,368.6,88583
1315,2020-12-18 11:51:00,368.6,368.65,368.58,368.64,85845
1316,2020-12-18 11:52:00,368.64,368.73,368.62,368.67,71821
1317,2020-12-18 11:53:00,368.675,368.79,368.64,368.78,64247
1318,2020-12-18 11:54:00,368.775,368.8,368.7,368.715,92452
1319,2020-12-18 11:55:00,368.7186,368.75,368.6717,368.7,42402
1320,2020-12-18 11:56:00,368.71,368.729,368.61,368.64,59582
1321,2020-12-18 11:57:00,368.65,368.68,368.56,368.59,33072
1322,2020-12-18 11:58:00,368.6,368.65,368.55,368.6401,43965
1323,2020-12-18 11:59:00,368.65,368.68,368.56,368.59,67236
1324,2020-12-18 12:00:00,368.581,368.59,368.49,368.54,68902
1325,2020-12-18 12:01:00,368.54,368.56,368.5,368.52,30006
1326,2020-12-18 12:02:00,368.53,368.57,368.48,368.54,50560
1327,2020-12-18 12:03:00,368.53,368.72,368.52,368.7,98190
1328,2020-12-18 12:04:00,368.71,368.81,368.71,368.79,115889
1329,2020-12-18 12:05:00,368.79,368.87,368.77,368.84,51416
1330,2020-12-18 12:06:00,368.8481,368.8481,368.72,368.7355,54538
1331,2020-12-18 12:07:00,368.735,368.755,368.69,368.72,51662
1332,2020-12-18 12:08:00,368.72,368.75,368.7,368.7,46207
1333,2020-12-18 12:09:00,368.7,368.73,368.65,368.7018,74535
1334,2020-12-18 12:10:00,368.705,368.7381,368.62,368.73,76280
1335,2020-12-18 12:11:00,368.73,368.79,368.73,368.77,53393
1336,2020-12-18 12:12:00,368.77,368.83,368.76,368.78,36559
1337,2020-12-18 12:13:00,368.77,368.86,368.765,368.805,81903
1338,2020-12-18 12:14:00,368.81,368.91,368.81,368.91,61991
1339,2020-12-18 12:15:00,368.905,369.02,368.87,369.0039,89797
1340,2020-12-18 12:16:00,369.01,369.09,369.0,369.04,112147
1341,2020-12-18 12:17:00,369.04,369.14,369.0301,369.14,91071
1342,2020-12-18 12:18:00,369.14,369.21,369.08,369.19,161771
1343,2020-12-18 12:19:00,369.18,369.185,369.1,369.1011,70713
1344,2020-12-18 12:20:00,369.103,369.13,369.07,369.08,60129
1345,2020-12-18 12:21:00,369.075,369.11,369.05,369.08,31919
1346,2020-12-18 12:22:00,369.09,369.105,369.08,369.085,20448
1347,2020-12-18 12:23:00,369.085,369.085,368.97,368.97,61448
1348,2020-12-18 12:24:00,368.9698,369.04,368.95,368.98,34509
1349,2020-12-18 12:25:00,368.979,369.0,368.95,368.9777,43450
1350,2020-12-18 12:26:00,368.98,369.03,368.98,369.0051,25101
1351,2020-12-18 12:27:00,369.0,369.0051,368.97,369.0,27164
1352,2020-12-18 12:28:00,369.0,369.06,368.99,369.05,28908
1353,2020-12-18 12:29:00,369.05,369.0999,369.04,369.085,33778
1354,2020-12-18 12:30:00,369.0889,369.12,369.05,369.06,49148
1355,2020-12-18 12:31:00,369.06,369.09,368.99,368.99,38004
1356,2020-12-18 12:32:00,368.9958,369.0,368.93,368.97,69731
1357,2020-12-18 12:33:00,368.97,369.12,368.97,369.105,69665
1358,2020-12-18 12:34:00,369.1,369.18,369.08,369.125,43362
1359,2020-12-18 12:35:00,369.12,369.22,369.08,369.22,50943
1360,2020-12-18 12:36:00,369.22,369.34,369.2,369.2655,154314
1361,2020-12-18 12:37:00,369.26,369.45,369.25,369.4399,105410
1362,2020-12-18 12:38:00,369.42,369.46,369.4,369.42,69898
1363,2020-12-18 12:39:00,369.42,369.515,369.42,369.51,54605
1364,2020-12-18 12:40:00,369.515,369.54,369.45,369.49,68054
1365,2020-12-18 12:41:00,369.5,369.59,369.48,369.535,69283
1366,2020-12-18 12:42:00,369.54,369.5685,369.515,369.52,43580
1367,2020-12-18 12:43:00,369.52,369.52,369.4,369.4019,32705
1368,2020-12-18 12:44:00,369.4099,369.46,369.38,369.39,55866
1369,2020-12-18 12:45:00,369.38,369.4,369.25,369.28,77330
1370,2020-12-18 12:46:00,369.275,369.32,369.23,369.28,76928
1371,2020-12-18 12:47:00,369.26,369.26,369.19,369.21,72161
1372,2020-12-18 12:48:00,369.21,369.24,369.17,369.17,31458
1373,2020-12-18 12:49:00,369.17,369.22,369.1,369.1355,63881
1374,2020-12-18 12:50:00,369.15,369.24,369.15,369.218,69708
1375,2020-12-18 12:51:00,369.21,369.225,369.17,369.18,32995
1376,2020-12-18 12:52:00,369.18,369.19,369.08,369.09,31150
1377,2020-12-18 12:53:00,369.085,369.085,368.98,368.99,58321
1378,2020-12-18 12:54:00,368.99,368.99,368.93,368.95,57405
1379,2020-12-18 12:55:00,368.94,368.945,368.85,368.865,74591
1380,2020-12-18 12:56:00,368.869,368.94,368.85,368.93,50117
1381,2020-12-18 12:57:00,368.93,368.94,368.825,368.94,75634
1382,2020-12-18 12:58:00,368.94,369.01,368.94,368.95,58610
1383,2020-12-18 12:59:00,368.95,368.96,368.88,368.93,66788
1384,2020-12-18 13:00:00,368.93,368.96,368.79,368.81,51509
1385,2020-12-18 13:01:00,368.8118,368.86,368.77,368.84,60515
1386,2020-12-18 13:02:00,368.84,368.84,368.76,368.776,56145
1387,2020-12-18 13:03:00,368.78,368.83,368.7,368.71,50019
1388,2020-12-18 13:04:00,368.7089,368.76,368.68,368.75,86110
1389,2020-12-18 13:05:00,368.75,368.77,368.65,368.71,68385
1390,2020-12-18 13:06:00,368.72,368.8687,368.72,368.8547,81432
1391,2020-12-18 13:07:00,368.85,368.85,368.765,368.77,30320
1392,2020-12-18 13:08:00,368.765,368.8,368.74,368.7681,48218
1393,2020-12-18 13:09:00,368.77,368.81,368.72,368.7589,35558
1394,2020-12-18 13:10:00,368.7519,368.81,368.73,368.79,25206
1395,2020-12-18 13:11:00,368.79,368.79,368.68,368.7155,51375
1396,2020-12-18 13:12:00,368.72,368.85,368.71,368.8499,52217
1397,2020-12-18 13:13:00,368.85,368.87,368.79,368.8,34740
1398,2020-12-18 13:14:00,368.8,368.8281,368.77,368.815,36186
1399,2020-12-18 13:15:00,368.81,368.81,368.65,368.69,38526
1400,2020-12-18 13:16:00,368.69,368.738,368.69,368.7,25435
1401,2020-12-18 13:17:00,368.7,368.76,368.645,368.7582,46376
1402,2020-12-18 13:18:00,368.75,368.7508,368.61,368.6405,50732
1403,2020-12-18 13:19:00,368.64,368.68,368.64,368.65,27688
1404,2020-12-18 13:20:00,368.65,368.65,368.55,368.5681,63114
1405,2020-12-18 13:21:00,368.5602,368.5602,368.41,368.46,107256
1406,2020-12-18 13:22:00,368.46,368.4859,368.27,368.42,101990
1407,2020-12-18 13:23:00,368.41,368.42,368.27,368.4016,88143
1408,2020-12-18 13:24:00,368.4,368.45,368.35,368.42,84711
1409,2020-12-18 13:25:00,368.43,368.52,368.37,368.505,54567
1410,2020-12-18 13:26:00,368.51,368.57,368.49,368.565,51232
1411,2020-12-18 13:27:00,368.57,368.57,368.52,368.545,37020
1412,2020-12-18 13:28:00,368.55,368.61,368.5382,368.6,41485
1413,2020-12-18 13:29:00,368.61,368.66,368.57,368.59,70668
1414,2020-12-18 13:30:00,368.59,368.59,368.41,368.44,45515
1415,2020-12-18 13:31:00,368.4491,368.4491,368.335,368.3489,39696
1416,2020-12-18 13:32:00,368.34,368.34,368.215,368.26,109556
1417,2020-12-18 13:33:00,368.27,368.33,368.235,368.255,70546
1418,2020-12-18 13:34:00,368.25,368.28,368.21,368.27,62577
1419,2020-12-18 13:35:00,368.27,368.38,368.25,368.285,82846
1420,2020-12-18 13:36:00,368.285,368.3,368.23,368.25,48498
1421,2020-12-18 13:37:00,368.235,368.2399,368.12,368.135,115716
1422,2020-12-18 13:38:00,368.135,368.21,368.055,368.075,87809
1423,2020-12-18 13:39:00,368.08,368.1378,367.98,368.0159,166565
1424,2020-12-18 13:40:00,368.02,368.22,367.99,368.21,106207
1425,2020-12-18 13:41:00,368.2162,368.28,368.11,368.15,75568
1426,2020-12-18 13:42:00,368.16,368.249,368.07,368.21,90092
1427,2020-12-18 13:43:00,368.21,368.23,368.1606,368.1977,42310
1428,2020-12-18 13:44:00,368.2,368.26,368.165,368.255,45734
1429,2020-12-18 13:45:00,368.25,368.32,368.21,368.26,60404
1430,2020-12-18 13:46:00,368.25,368.35,368.19,368.29,40460
1431,2020-12-18 13:47:00,368.285,368.375,368.23,368.375,96461
1432,2020-12-18 13:48:00,368.38,368.39,368.265,368.295,60979
1433,2020-12-18 13:49:00,368.3,368.3,368.21,368.22,61183
1434,2020-12-18 13:50:00,368.22,368.28,368.17,368.205,83635
1435,2020-12-18 13:51:00,368.21,368.33,368.21,368.22,54137
1436,2020-12-18 13:52:00,368.2101,368.25,368.19,368.23,37816
1437,2020-12-18 13:53:00,368.225,368.24,368.11,368.15,72516
1438,2020-12-18 13:54:00,368.14,368.23,368.14,368.229,52580
1439,2020-12-18 13:55:00,368.22,368.27,368.18,368.23,45352
1440,2020-12-18 13:56:00,368.23,368.33,368.215,368.32,41170
1441,2020-12-18 13:57:00,368.32,368.33,368.275,368.2755,43730
1442,2020-12-18 13:58:00,368.28,368.335,368.25,368.255,33144
1443,2020-12-18 13:59:00,368.26,368.35,368.255,368.35,63822
1444,2020-12-18 14:00:00,368.35,368.36,368.0301,368.09,145558
1445,2020-12-18 14:01:00,368.0962,368.11,367.96,368.03,104012
1446,2020-12-18 14:02:00,368.03,368.03,367.84,367.935,106606
1447,2020-12-18 14:03:00,367.935,368.04,367.82,367.82,70344
1448,2020-12-18 14:04:00,367.83,367.83,367.7,367.755,140601
1449,2020-12-18 14:05:00,367.76,367.89,367.76,367.85,72711
1450,2020-12-18 14:06:00,367.845,367.91,367.78,367.91,77599
1451,2020-12-18 14:07:00,367.91,368.02,367.88,368.0,77481
1452,2020-12-18 14:08:00,367.99,368.14,367.97,368.03,93285
1453,2020-12-18 14:09:00,368.04,368.04,367.94,367.995,58189
1454,2020-12-18 14:10:00,368.0,368.03,367.89,367.92,125705
1455,2020-12-18 14:11:00,367.9219,367.965,367.875,367.89,57930
1456,2020-12-18 14:12:00,367.87,367.89,367.78,367.81,85164
1457,2020-12-18 14:13:00,367.79,367.79,367.71,367.775,87619
1458,2020-12-18 14:14:00,367.775,367.95,367.775,367.905,144434
1459,2020-12-18 14:15:00,367.8975,367.91,367.745,367.765,126777
1460,2020-12-18 14:16:00,367.765,367.765,367.57,367.63,290950
1461,2020-12-18 14:17:00,367.6375,367.81,367.63,367.8081,119420
1462,2020-12-18 14:18:00,367.8004,367.9,367.7906,367.86,130376
1463,2020-12-18 14:19:00,367.86,367.89,367.81,367.811,95650
1464,2020-12-18 14:20:00,367.82,367.98,367.82,367.965,92766
1465,2020-12-18 14:21:00,367.96,367.995,367.915,367.995,81425
1466,2020-12-18 14:22:00,367.99,368.08,367.98,367.99,97962
1467,2020-12-18 14:23:00,367.99,367.99,367.89,367.905,96697
1468,2020-12-18 14:24:00,367.9,367.93,367.86,367.865,77387
1469,2020-12-18 14:25:00,367.86,367.92,367.82,367.845,95003
1470,2020-12-18 14:26:00,367.85,367.85,367.7,367.705,187035
1471,2020-12-18 14:27:00,367.71,367.8699,367.69,367.78,94322
1472,2020-12-18 14:28:00,367.78,367.9,367.78,367.885,74861
1473,2020-12-18 14:29:00,367.88,367.93,367.84,367.845,71499
1474,2020-12-18 14:30:00,367.85,368.03,367.801,368.01,109203
1475,2020-12-18 14:31:00,368.0,368.08,367.9719,368.035,103911
1476,2020-12-18 14:32:00,368.03,368.12,367.995,368.01,125436
1477,2020-12-18 14:33:00,368.01,368.08,367.991,368.03,114467
1478,2020-12-18 14:34:00,368.03,368.045,367.975,367.99,82956
1479,2020-12-18 14:35:00,368.0,368.15,367.98,368.145,120966
1480,2020-12-18 14:36:00,368.13,368.1802,368.02,368.03,83919
1481,2020-12-18 14:37:00,368.03,368.15,367.98,368.145,70312
1482,2020-12-18 14:38:00,368.14,368.145,368.06,368.1295,89269
1483,2020-12-18 14:39:00,368.12,368.16,368.085,368.11,93383
1484,2020-12-18 14:40:00,368.11,368.12,368.05,368.055,73434
1485,2020-12-18 14:41:00,368.055,368.06,367.975,368.0189,73044
1486,2020-12-18 14:42:00,368.015,368.17,368.01,368.13,115496
1487,2020-12-18 14:43:00,368.125,368.18,368.0349,368.055,81195
1488,2020-12-18 14:44:00,368.05,368.12,367.99,368.015,92981
1489,2020-12-18 14:45:00,368.01,368.11,367.98,368.01,82460
1490,2020-12-18 14:46:00,368.01,368.015,367.805,367.9,105264
1491,2020-12-18 14:47:00,367.91,367.98,367.9,367.95,69163
1492,2020-12-18 14:48:00,367.95,368.06,367.925,368.05,70233
1493,2020-12-18 14:49:00,368.04,368.14,368.025,368.0441,104557
1494,2020-12-18 14:50:00,368.05,368.06,367.95,367.9811,90562
1495,2020-12-18 14:51:00,367.985,368.0,367.835,367.84,127670
1496,2020-12-18 14:52:00,367.84,367.9711,367.83,367.94,142054
1497,2020-12-18 14:53:00,367.9401,368.0,367.93,367.945,100114
1498,2020-12-18 14:54:00,367.94,367.9617,367.81,367.86,130295
1499,2020-12-18 14:55:00,367.875,367.94,367.66,367.68,178985
1500,2020-12-18 14:56:00,367.68,367.76,367.65,367.66,106419
1501,2020-12-18 14:57:00,367.64,367.66,367.375,367.48,298486
1502,2020-12-18 14:58:00,367.48,367.57,367.3,367.3419,168554
1503,2020-12-18 14:59:00,367.35,367.63,367.35,367.59,241656
1504,2020-12-18 15:00:00,367.6,367.8,367.52,367.7,143931
1505,2020-12-18 15:01:00,367.71,367.77,367.55,367.55,142521
1506,2020-12-18 15:02:00,367.56,367.5894,367.375,367.49,178843
1507,2020-12-18 15:03:00,367.485,367.62,367.45,367.61,106732
1508,2020-12-18 15:04:00,367.61,367.64,367.52,367.565,121335
1509,2020-12-18 15:05:00,367.56,367.74,367.5201,367.68,143636
1510,2020-12-18 15:06:00,367.69,367.79,367.61,367.77,102472
1511,2020-12-18 15:07:00,367.765,367.91,367.75,367.91,144383
1512,2020-12-18 15:08:00,367.915,367.96,367.79,367.815,102366
1513,2020-12-18 15:09:00,367.82,367.83,367.72,367.72,181447
1514,2020-12-18 15:10:00,367.72,367.72,367.56,367.56,115859
1515,2020-12-18 15:11:00,367.58,367.66,367.48,367.495,93046
1516,2020-12-18 15:12:00,367.495,367.535,367.38,367.3991,87774
1517,2020-12-18 15:13:00,367.4,367.59,367.37,367.42,123191
1518,2020-12-18 15:14:00,367.42,367.62,367.42,367.605,125314
1519,2020-12-18 15:15:00,367.6,367.895,367.59,367.86,163843
1520,2020-12-18 15:16:00,367.87,367.875,367.755,367.84,135173
1521,2020-12-18 15:17:00,367.84,367.93,367.72,367.73,169346
1522,2020-12-18 15:18:00,367.735,367.75,367.6,367.6284,87175
1523,2020-12-18 15:19:00,367.625,367.66,367.57,367.64,89618
1524,2020-12-18 15:20:00,367.62,367.68,367.555,367.555,60491
1525,2020-12-18 15:21:00,367.5611,367.59,367.3,367.3014,215478
1526,2020-12-18 15:22:00,367.3,367.32,367.14,367.17,195475
1527,2020-12-18 15:23:00,367.17,367.33,367.15,367.3,134760
1528,2020-12-18 15:24:00,367.31,367.42,367.215,367.32,112351
1529,2020-12-18 15:25:00,367.32,367.365,367.13,367.14,91107
1530,2020-12-18 15:26:00,367.14,367.155,367.02,367.13,133856
1531,2020-12-18 15:27:00,367.12,367.3,367.08,367.14,273963
1532,2020-12-18 15:28:00,367.14,367.23,367.0599,367.16,115425
1533,2020-12-18 15:29:00,367.16,367.31,367.16,367.27,146642
1534,2020-12-18 15:30:00,367.27,367.39,367.17,367.325,169104
1535,2020-12-18 15:31:00,367.33,367.44,367.25,367.4,115261
1536,2020-12-18 15:32:00,367.4,367.47,367.33,367.47,103712
1537,2020-12-18 15:33:00,367.475,367.62,367.41,367.5615,205419
1538,2020-12-18 15:34:00,367.59,367.68,367.51,367.62,269753
1539,2020-12-18 15:35:00,367.63,367.63,367.35,367.39,149204
1540,2020-12-18 15:36:00,367.385,367.66,367.365,367.5573,209227
1541,2020-12-18 15:37:00,367.56,367.57,367.335,367.5,190020
1542,2020-12-18 15:38:00,367.5,367.51,367.19,367.265,320159
1543,2020-12-18 15:39:00,367.265,367.395,367.25,367.31,231074
1544,2020-12-18 15:40:00,367.31,367.39,367.063,367.38,269778
1545,2020-12-18 15:41:00,367.37,367.46,367.2701,367.44,308622
1546,2020-12-18 15:42:00,367.4399,367.83,367.43,367.81,231254
1547,2020-12-18 15:43:00,367.815,368.0,367.77,367.82,314788
1548,2020-12-18 15:44:00,367.83,368.17,367.83,368.08,302718
1549,2020-12-18 15:45:00,368.09,368.33,368.06,368.135,627508
1550,2020-12-18 15:46:00,368.14,368.34,368.05,368.33,455605
1551,2020-12-18 15:47:00,368.33,368.33,368.05,368.24,292432
1552,2020-12-18 15:48:00,368.23,368.38,368.21,368.27,266726
1553,2020-12-18 15:49:00,368.27,368.713,368.18,368.49,417861
1554,2020-12-18 15:50:00,368.48,368.7,368.13,368.33,458718
1555,2020-12-18 15:51:00,368.32,368.43,368.23,368.29,387215
1556,2020-12-18 15:52:00,368.29,368.77,368.29,368.76,626870
1557,2020-12-18 15:53:00,368.77,369.57,368.77,369.525,1111810
1558,2020-12-18 15:54:00,369.53,369.65,369.13,369.43,735526
1559,2020-12-18 15:55:00,369.43,369.94,369.43,369.93,922253
1560,2020-12-18 15:56:00,369.935,370.31,369.83,370.195,842721
1561,2020-12-18 15:57:00,370.19,370.26,369.73,369.83,681410
1562,2020-12-18 15:58:00,369.83,370.07,369.71,370.015,888040
1563,2020-12-18 15:59:00,370.02,370.05,369.05,369.13,3027844
1564,2020-12-18 16:00:00,369.13,369.44,369.04,369.15,8422909
