i,date,open,high,low,close,volume
0,2019-08-30,9583943.056779359,9685705.618507639,9421913.055544972,9588653.638260834,1713240492460.7175
1,2019-08-31,9589923.795050956,9831213.58023587,9521175.30863128,9726180.614803888,1954781785592.1624
2,2019-09-01,9724790.443198953,10451290.12344505,9713699.074063163,10341276.54319826,4474577158036.863
3,2019-09-02,10341276.54319826,10774329.999987897,10273268.148136608,10616590.528383136,4800430250647.46
4,2019-09-03,10613160.10492635,10800333.209864412,10371170.233321682,10568324.5703585,4394931419743.532
5,2019-09-04,10567224.434556032,10901345.6790001,10451290.12344505,10565794.258012822,3397515458471.9736
6,2019-09-05,10564434.090111589,10907216.403691452,10151253.08640835,10300001.448136577,5880690017386.715
7,2019-09-06,10299981.445667442,10559303.456778262,10289840.193815602,10457170.849370968,2764128947559.7593
8,2019-09-07,10457190.851840105,10593807.716037482,10209260.246902112,10382461.627148831,2398763308859.2563
9,2019-09-08,10382521.634556238,10481293.82714872,10069743.024680046,10304391.990111882,3984064559901.7964
10,2019-09-09,10303851.923445215,10386272.097519197,9954228.765420917,10099396.68517384,2891898202894.5913
11,2019-09-10,10099436.690112112,10294270.740729177,9881219.75307532,10159584.114803402,3195776947857.6694
12,2019-09-11,10160004.166655254,10450099.97653147,10041239.50616156,10416295.803692004,3451542339233.839
13,2019-09-12,10416295.803692004,10440288.765420372,10154253.456778716,10343336.797519244,3028407808951.8574
14,2019-09-13,10345407.053074798,10421276.418506812,10223592.016037898,10336295.928383451,2362444975767.951
15,2019-09-14,10334085.655543946,10361279.01233404,10253415.697519345,10303281.853074847,1804988211841.3428
16,2019-09-15,10304612.017272376,10356278.395050095,10079244.197519543,10252575.593815643,2897497837322.14
17,2019-09-16,10250945.392581077,10276268.518506974,10129260.37159356,10189077.75554411,2291715349193.265
18,2019-09-17,10188737.713568801,10259286.422210699,10101246.913568899,10158243.949371304,2425324316091.14
19,2019-09-18,10157663.877766367,10326274.691346426,9654191.728384217,10245554.727148985,4483181668791.001
20,2019-09-19,10244964.65430948,10282269.259247709,10062632.146902276,10169845.381470058,2509158841354.823
21,2019-09-20,10169175.298754008,10177956.382704617,9901222.2222111,9987622.8876431,2054671151390.2354
22,2019-09-21,9986382.734556682,10090245.555544222,9855186.539495101,10030108.132087499,2205199738872.2886
23,2019-09-22,10029288.03085293,10051230.739494883,9616957.132087963,9703447.808631076,3194117522415.622
24,2019-09-23,9703397.802458236,9796199.258013686,7800962.9629542,8494188.535792926,9401895104798.12
25,2019-09-24,8498599.080237366,8731077.77776797,8216654.276533979,8431090.746904109,6079139644216.109
26,2019-09-25,8431090.746904109,8467035.183941105,7750956.79011475,8064725.522213163,6793924027407.788
27,2019-09-26,8064485.492583534,8266020.370361085,7853119.401225746,8178919.618509331,4388834226996.6133
28,2019-09-27,8178479.564188344,8316026.543200535,8002077.7888799,8199822.198756221,3447786116559.8926
29,2019-09-28,8200392.26912659,8230145.941966062,7890974.07406521,8044813.064188493,3154810573504.95
30,2019-09-29,8044032.967892199,8338289.2913486585,7710951.851843189,8290363.375299329,5587238423367.305
31,2019-09-30,8290993.453077106,8501049.3827065,8174059.018509337,8293463.758015376,4347778505614.7583
32,2019-10-01,8293693.786410437,8374943.816039975,8152226.323447633,8360972.091348633,2624662656824.7554
33,2019-10-02,8361032.0987560395,8394036.172830077,8060995.06171934,8224975.303694463,3049204804365.1924
34,2019-10-03,8225445.361719156,8233426.346904331,8005988.271595945,8138134.5839414755,2647959908673.618
35,2019-10-04,8138094.579003204,8184420.29752167,8013969.256781121,8127193.233324204,2191032020787.2178
36,2019-10-05,8128553.401225437,8154876.650608123,7785961.111102365,7855219.660485003,3468038504946.0923
37,2019-10-06,7856269.790114632,8300944.681472157,7762958.2715962175,8191101.122213021,5220851699722.493
38,2019-10-07,8191831.212336477,8326027.777768425,8089748.611102024,8169398.4432007,3545703429424.696
39,2019-10-08,8171798.739496993,8671070.37036063,8116001.851842735,8561796.881471863,5504549927971.323
40,2019-10-09,8563207.055545935,8645067.160484117,8415558.829620177,8559086.546903966,3914277801216.1836
41,2019-10-10,8558876.52097804,8780593.890113594,8213393.874064847,8259519.567891956,5041150729256.288
42,2019-10-11,8258969.499990723,8401037.0370276,8251018.51850925,8301114.702459811,2134196858366.7136
43,2019-10-12,8303004.935793142,8452413.379002852,8161007.40739824,8276031.606163543,2784417708135.7983
44,2019-10-13,8276261.634558604,8389885.660484403,8204012.716040167,8349230.64196593,2981434358176.3174
45,2019-10-14,8347890.476533833,8404037.407397967,8090998.76542301,8160297.31974392,3277710853305.8984
46,2019-10-15,8160307.320978488,8182170.019743895,7917977.407398513,7992726.634558923,3473788206398.1475
47,2019-10-16,7996007.039497191,8125923.076534082,7930008.892583684,8071576.3678921675,2966061050971.4585
48,2019-10-17,8071706.38394155,8116001.851842735,7816974.939497392,7947991.112336751,3135705217910.2554
49,2019-10-18,7947871.0975219365,8099099.765423001,7867891.22468252,7948991.23579354,2663117678172.169
50,2019-10-19,7950851.465423168,8298024.320978333,7870971.6049294295,8224365.228385824,3429068554935.0864
51,2019-10-20,8224365.228385824,8334028.765422737,8143035.188879741,8198282.008632766,3045243863520.5176
52,2019-10-21,8198292.009867335,8299014.443200554,8000987.654312,8020990.12344778,3465610666649.971
53,2019-10-22,8021050.130855188,8048583.529620589,7300901.2345597,7467541.804929883,6390534567287.858
54,2019-10-23,7469392.033324943,7504606.380238484,7338895.924683114,7413325.112337351,3271842207771.201
55,2019-10-24,7413325.112337351,8800086.296286412,7361908.765423829,8656088.520977931,9075942165762.322
56,2019-10-25,8656948.627150768,10371280.24690193,8471425.725916408,9231139.50616247,16260865807768.314
57,2019-10-26,9231139.50616247,9796189.25677912,9075460.288878694,9531106.534557195,9384512599174.693
58,2019-10-27,9529406.324680652,9903322.481470358,9161130.86418724,9206276.437026694,8018411537443.129
59,2019-10-28,9205586.351841511,9551179.01233495,9073119.999989808,9408781.434557334,6416638324376.076
60,2019-10-29,9408781.434557334,9411001.708631404,9002121.235792357,9155850.212335393,5524860640757.177
61,2019-10-30,9155150.125915643,9406161.111100545,8914100.370360358,9141978.499989731,5438273799143.299
62,2019-10-31,9141988.5012243,9280145.55554513,9031114.81480467,9232749.7049279,4360019619076.769
63,2019-11-01,9232539.679001974,9374897.25184132,9187344.099989679,9290666.854310552,2892663157621.788
64,2019-11-02,9290996.895051291,9363725.872828986,9067259.276533024,9195845.149372386,2789782202937.3477
65,2019-11-03,9197595.365421766,9514854.528384374,9116965.412335439,9394509.672828954,4590012225920.485
66,2019-11-04,9393559.555545002,9456117.277767155,9176892.809866235,9309809.217273492,4594154476046.259
67,2019-11-05,9308879.102458678,9442075.544433838,9251151.976532819,9340202.96912531,3734077977570.7686
68,2019-11-06,9340312.982705558,9376157.407396875,9102123.580236688,9217337.802458782,3912230017034.5312
69,2019-11-07,9215137.530853845,9262143.33332293,8697073.580237145,8774813.176533353,6211495680950.344
70,2019-11-08,8774823.177767921,8881096.29628632,8725957.145669209,8810497.581471585,2947311961254.7754
71,2019-11-09,8810267.553076522,9148319.282705773,8751080.24690375,9040585.983940462,3442627943026.9604
72,2019-11-10,9041276.069125647,9073440.03949598,8619744.034558218,8734348.18147167,4489359527995.513
73,2019-11-11,8734438.192582782,8889097.283940632,8568657.728385437,8823029.12838515,4037161300545.7246
74,2019-11-12,8822999.124681447,8846081.974064136,8703074.320977878,8778203.595051868,2681342680894.741
75,2019-11-13,8778623.64690372,8801086.4197432,8583659.580237271,8647747.491348311,3347260087071.067
76,2019-11-14,8647447.454311272,8791085.18517531,8401037.0370276,8472775.892583074,4609310755560.884
77,2019-11-15,8472665.879002828,8544054.691348426,8401037.0370276,8492068.274064535,2090488028281.0098
78,2019-11-16,8491788.239496633,8636066.049373016,8351710.948138767,8503449.679002794,2701237153099.2124
79,2019-11-17,8503919.737027485,8504569.817274397,8060995.06171934,8188180.761719197,4302300176599.3647
80,2019-11-18,8187510.679003148,8219644.645669778,8003988.024682367,8134644.153077282,4356143831643.564
81,2019-11-19,8134834.176534072,8265310.282706765,8039392.3950526975,8099009.75431189,3247023915662.7725
82,2019-11-20,8099559.8222131245,8135734.287645182,7500925.9259175,7628681.696287727,5842599245602.832
83,2019-11-21,7628731.702460567,7750956.79011475,6790838.27159731,7269127.312337513,12661877027617.371
84,2019-11-22,7269127.312337513,7345386.725917675,7080884.075300688,7312472.662954749,5045612313701.185
85,2019-11-23,7312002.604930058,7331294.9864115175,6861847.037029329,6904132.256782368,6789858798989.694
86,2019-11-24,6901081.880239161,7378600.825917637,6515804.320980335,7110447.72468337,11966050627528.498
87,2019-11-25,7110867.776535221,7340906.17283126,7018346.355547671,7157023.474066035,6573051156618.419
88,2019-11-26,7155633.302461098,7655945.061719795,6840844.44443676,7509446.977769342,9246428742489.49
89,2019-11-27,7508826.901226133,7643943.580238326,7360908.64196704,7420405.986411417,5694100999549.2705
90,2019-11-28,7419435.866658333,7850969.13579365,7363208.925917655,7740635.516040687,6075280029279.262
91,2019-11-29,7741945.677769081,7810964.19752209,7441918.641966949,7542821.097522391,4699523478359.153
92,2019-11-30,7541560.941966837,7542781.09258412,7210890.1234486895,7391802.455547253,6077684470087.161
93,2019-12-01,7392412.530855893,7421476.118510182,7151982.851843818,7295180.528386867,4633597582464.425
94,2019-12-02,7295320.545670818,7400913.5802386,7242243.993819025,7293610.334559708,3315357001504.757
95,2019-12-03,7293610.334559708,7750956.79011475,7067872.469127863,7195208.187646238,8315741422204.757
96,2019-12-04,7195478.220979571,7485924.074065665,7150882.71604135,7389912.222213921,5931400066713.77
97,2019-12-05,7389912.222213921,7590967.040732213,7305901.851843645,7528399.317275494,4819503721406.24
98,2019-12-06,7528729.358016234,7620560.6938186,7471082.241966916,7489134.470361957,3150257289940.5728
99,2019-12-07,7488234.359250848,7564933.827151996,7375770.4765349245,7511037.1740656365,2986058366771.1025
100,2019-12-08,7511037.1740656365,7650944.44443585,7273897.901226397,7339546.004930027,4662764328152.701
101,2019-12-09,7339546.004930027,7408514.518510196,7157983.592584552,7225021.867893118,4972990087601.08
102,2019-12-10,7225041.870362254,7276398.20986837,7126539.711103106,7210890.1234486895,3009680714050.249
103,2019-12-11,7210890.1234486895,7295900.617275755,7081174.111103157,7198968.651843765,4229382174688.237
104,2019-12-12,7198648.612337593,7309952.35184364,7191647.74814007,7259376.10863382,2761328242136.343
105,2019-12-13,7258265.971596785,7272667.749374547,7012865.679004468,7064922.104930336,2956563559486.395
106,2019-12-14,7065012.116041447,7201188.925917837,7009215.228387188,7119468.838263608,2639903687501.1953
107,2019-12-15,7120478.9629549645,7150882.71604135,6836843.950609604,6892570.829621887,4386940836673.5786
108,2019-12-16,6892290.795053986,6943067.062955163,6560809.87653584,6624637.755548114,5387171993757.27
109,2019-12-17,6624657.758017249,7440918.51851016,6435794.444437215,7278728.497522688,9564845824487.416
110,2019-12-18,7278728.497522688,7380911.11110282,7039178.927152587,7151182.753078387,5551590204395.925
111,2019-12-19,7152192.877769744,7220891.35801658,7080374.012337726,7188717.386411678,3213603612708.7974
112,2019-12-20,7188897.4086339,7191467.725917848,7105877.160485845,7133630.58641174,1946957738279.6404
113,2019-12-21,7132470.443201864,7519468.214806368,7123349.317275949,7502366.103695275,3914228693454.245
114,2019-12-22,7501636.01357182,7696330.046904935,7266737.017275788,7317993.344436224,6806039868405.973
115,2019-12-23,7318203.37036215,7437598.108633621,7157923.585177144,7256665.774065923,4363488054525.8145
116,2019-12-24,7256665.774065923,7272667.749374547,7129740.10616483,7205519.460485733,2749543840251.516
117,2019-12-25,7205899.507399313,7435917.901226215,7158003.595053688,7202889.135794378,3626423758967.2354
118,2019-12-26,7202889.135794378,7276758.254312813,7077293.632090815,7255635.64690543,3364685528094.5044
119,2019-12-27,7255665.650609134,7365919.260485553,7239563.662954831,7317043.227152275,2685229688813.0205
120,2019-12-28,7316263.1308559785,7529379.438263147,7288899.753078232,7389152.128386761,3139098103633.3257
121,2019-12-29,7389342.151843552,7409154.597522541,7220891.35801658,7246894.567893093,2960956683280.4023
122,2019-12-30,7246894.567893093,7320903.70369548,7145892.099991973,7196118.299991916,2595765778649.3433
123,2019-12-31,7196128.301226484,7255895.679004195,7176035.820979593,7201738.993819071,1679446129932.2493
124,2020-01-01,7201658.983942528,7213390.432090662,6925594.90616506,6966569.964189705,3195542855961.003
125,2020-01-02,6966349.937029211,7405914.197522545,6871888.2765354905,7345866.785176934,6843694841394.177
126,2020-01-03,7345906.790115205,7404914.074065756,7273107.803695533,7355017.914806552,2999167719609.9277
127,2020-01-04,7355097.924683096,7495925.308633555,7318903.456781902,7359658.487646054,3833581783674.7554
128,2020-01-05,7358548.3506090185,7796302.387645563,7347667.007399154,7758957.777769062,5464244046350.85
129,2020-01-06,7759857.888880172,8208693.29381794,7724663.544435767,8146285.590114306,9118294042443.598
130,2020-01-07,8146925.669126651,8456043.827150995,7870971.6049294295,8056974.565423048,11263654666982.904
131,2020-01-08,8055714.409867494,8056954.562953913,7750956.79011475,7818725.155546773,6424745063484.512
132,2020-01-09,7818705.153077637,8200012.222213011,7672947.160485208,8198031.977768569,8241695112413.557
133,2020-01-10,8199872.204929061,8287363.004928962,8004148.044435453,8021000.124682348,5481679933763.806
134,2020-01-11,8021000.124682348,8198011.975299433,7960982.71604044,8185990.491348829,3813620192785.05
135,2020-01-12,8185980.490114261,8197011.851842644,8056884.554311938,8111341.276534098,3116360256638.2646
136,2020-01-13,8111341.276534098,8881096.29628632,8106540.6839415105,8811097.655545658,12041399083158.598
137,2020-01-14,8815728.227150591,8917580.799989982,8565057.283940995,8822499.062953053,8482676875375.73
138,2020-01-15,8821098.890113547,8860903.803693749,8587059.999990353,8721086.544434648,5199749293508.776
139,2020-01-16,8721226.561718598,9042766.25307626,8673510.671595195,8914380.404928258,7090649018400.393
140,2020-01-17,8914370.40369369,8989989.738261506,8807467.207397513,8917060.73579245,3829947429144.402
141,2020-01-18,8916190.628385046,9200115.676532874,8467045.185175674,8702774.283940842,7068561480080.443
142,2020-01-19,8702794.286409976,8748069.875298815,8522332.00986697,8643416.956780415,3890144180024.5933
143,2020-01-20,8643416.956780415,8790085.061718522,8489047.901225032,8737108.522212408,3649919317595.394
144,2020-01-21,8737118.523446977,8819088.641965402,8591060.49381751,8683431.896286542,2908414733020.659
145,2020-01-22,8683841.946903827,8692883.062953198,8307415.480237581,8405557.595052287,4817189100985.91
146,2020-01-23,8405557.595052287,8529072.841965728,8239017.037027782,8440041.851842372,4169267613753.699
147,2020-01-24,8440031.850607803,8452303.365422605,8255919.123447516,8341609.701225198,2552430869220.9844
148,2020-01-25,8341039.630854828,8619193.966656983,8294683.9086326575,8616063.580237234,3113432843373.8364
149,2020-01-26,8615453.504928593,9001111.111101,8536053.703694114,8908669.699989993,5398020639630.924
150,2020-01-27,8908669.699989993,9401160.4938166,8863494.123446833,9375367.309866011,7459406177155.387
151,2020-01-28,9376497.449372184,9450406.57282889,9217137.777767424,9302678.337026589,5387071500652.245
152,2020-01-29,9302718.341964858,9579182.469125042,9205576.350606944,9514384.470359681,6063422904217.374
153,2020-01-30,9512694.261717709,9531396.570359662,9211147.038261257,9354044.67776727,4555764605841.203
154,2020-01-31,9352864.532088257,9465698.460483195,9282145.80245871,9385768.593816618,2858159551043.1353
155,2020-02-01,9385568.56912526,9478200.003693057,9121125.925915679,9332662.038261121,4569655339334.867
156,2020-02-02,9332742.048137665,9619977.504927466,9235139.999989625,9293387.190113017,5089841643038.122
157,2020-02-03,9292497.080236476,9351154.32097715,9094132.593816945,9198155.434557568,5331475652214.579
158,2020-02-04,9198155.434557568,9745653.018507572,9178352.990113147,9613226.671594141,6487842430821.292
159,2020-02-05,9613216.670359572,9863787.601223487,9527526.09258189,9773206.419742107,6495772507022.185
160,2020-02-06,9773206.419742107,9886220.370359264,9731201.23455697,9814941.571593912,4397154254733.727
161,2020-02-07,9815081.588877864,9941227.16048266,9668303.47035951,9896271.611099994,4360622648615.67
162,2020-02-08,9896261.609865427,10167255.061716974,9881969.845667912,10153003.302457731,4341383468701.494
163,2020-02-09,10152973.298754027,10189257.777766332,9757204.444433484,9853046.275297573,5958043932073.789
164,2020-02-10,9852956.264186462,10324864.517272353,9701197.5308533,10224342.10863049,6243010169247.6045
165,2020-02-11,10224342.10863049,10451290.12344505,10224342.10863049,10327734.871593336,6101559578967.59
166,2020-02-12,10326604.732087165,10501296.2962845,10081244.44443312,10230892.917272458,7935415435875.765
167,2020-02-13,10229042.688877398,10382841.67406241,10112618.317272592,10345637.08146986,4704428739272.16
168,2020-02-14,10345637.08146986,10376280.864185875,9802209.999988988,9905942.804927144,5766432112013.855
169,2020-02-15,9905682.772828378,10051240.74072945,9639309.891347198,9918494.354309846,6003140990724.578
170,2020-02-16,9911923.543198744,9965390.143198682,9453836.996285677,9707198.271594035,7026968609992.119
171,2020-02-17,9707198.271594035,10251265.43208725,9577192.223446032,10165964.902457716,7061284057744.154
172,2020-02-18,10166034.911099693,10251265.43208725,9351154.32097715,9594974.418507742,5516939709085.1
173,2020-02-19,9595834.52468058,9700197.40739651,9401160.4938166,9597604.743199095,6015976912910.699
174,2020-02-20,9598394.840729957,9756714.383939657,9551389.038260875,9678244.697519992,4218676212327.6562
175,2020-02-21,9678244.697519992,9710368.662952054,9561200.249371976,9652051.464186689,2463979919798.751
176,2020-02-22,9652041.46295212,9991233.33332211,9646190.740729906,9937626.71603822,3770674442195.061
177,2020-02-23,9937626.71603822,9991233.33332211,9474729.575297998,9657322.114803966,5580348458859.411
178,2020-02-24,9656712.039495325,9676194.444433575,9251141.97529825,9316990.103693238,5438605805126.632
179,2020-02-25,9317630.182705583,9378597.708631441,8634695.880237212,8786334.598755563,9214171959862.268
180,2020-02-26,8787084.691348154,8972877.625915848,8532053.20986696,8824299.285175271,7249252735188.919
181,2020-02-27,8824339.290113544,8901098.7654221,8446042.592583105,8693983.198755667,7116399357062.093
182,2020-02-28,8691872.93826184,8791085.18517531,8524602.29011388,8524662.29752129,3675271984767.9087
183,2020-02-29,8524662.29752129,8751080.24690375,8412038.395052278,8532933.318508932,4389762056929.378
184,2020-03-01,8531353.123447206,8966856.882705977,8499049.135792922,8916340.646903563,6040877468273.832
185,2020-03-02,8912280.145669002,8920751.191348003,8652068.024681639,8761151.490113614,5516180654086.174
186,2020-03-03,8761151.490113614,8849382.38147154,8661069.13579274,8751950.354311157,3870125992148.468
187,2020-03-04,8752070.369125972,9160550.792582301,8747619.81974326,9055797.861718222,5820905177053.399
188,2020-03-05,9055757.85677995,9171132.09875513,8986609.32097756,9133007.392582333,4378835334617.8467
189,2020-03-06,9132017.270360112,9189134.320977332,8836090.740730815,8887757.118508535,4542781220451.996
190,2020-03-07,8886346.944434462,8887857.130854214,8000987.654312,8034301.766657642,7754688767395.808
191,2020-03-08,8035751.945669985,8180319.791348835,7632952.223448216,7930848.996287387,11698330386827.205
192,2020-03-09,7930848.996287387,8150006.049373561,7728964.07529996,7895534.637028168,8679415788031.917
193,2020-03-10,7895544.638262736,7980985.18517622,7590937.03702851,7935499.570361457,7995228060538.821
194,2020-03-11,7935559.577768863,7967153.477768828,4410544.44443949,4800592.5925872,26153789329574.98
195,2020-03-12,4800602.593821768,5955735.185178495,3782596.929625381,5579288.716043116,40225132829117.336
196,2020-03-13,5576738.401228304,5641216.360487491,5055754.090117778,5172698.525920115,13692703845976.89
197,2020-03-14,5173118.577771966,5940733.33332666,5093728.777772056,5361961.888882866,13993342013218.035
198,2020-03-15,5360991.76912978,5366082.3975248365,4442668.409871552,5029590.860488177,22730498163909.773
199,2020-03-16,5029480.84690793,5525682.098759225,4922057.586414224,5313295.881475513,15010845593836.45
200,2020-03-17,5313295.881475513,5436841.132092658,5009988.440735113,5393705.807401349,13714456423148.717
201,2020-03-18,5393925.8345618425,6400790.1234496,5253178.460487925,6163130.7864128295,19904544391697.875
202,2020-03-19,6162810.746906658,6900851.8518441,5670699.99999363,6209126.464190556,21932540338159.49
203,2020-03-20,6205335.996289325,6457777.158017437,5860743.459252676,6187743.824684407,12892958363055.432
204,2020-03-21,6187803.832091815,6408661.09505453,5734717.902462694,5816908.048141614,11913069620470.902
205,2020-03-22,5816768.030857664,6600814.8148074,5688702.222215832,6468108.433326068,16469454593491.191
206,2020-03-23,6466048.179005082,6833843.580239237,6372116.583943459,6745552.681473904,15115666889139.541
207,2020-03-24,6745522.6777702,6958819.007399591,6450796.29628905,6678254.374066573,13217205051168.967
208,2020-03-25,6678244.372832004,6780837.03702942,6510803.70369639,6738191.772831936,8303680540290.809
209,2020-03-26,6738101.761720827,6843434.764189844,6261772.962955929,6359895.075301497,8292520476975.302
210,2020-03-27,6359895.075301497,6360785.18517804,6024743.703696936,6237419.956783117,9317119462561.498
211,2020-03-28,6237419.956783117,6266773.580239874,5867284.266660077,5882146.101227961,6331944396426.394
212,2020-03-29,5881225.987647714,6599814.691350611,5858483.180240333,6395169.429622446,11890422771408.768
213,2020-03-30,6395239.438264421,6524035.337029708,6322180.4197459845,6411231.412338477,7234652582623.466
214,2020-03-31,6412931.622215019,6680764.683943112,6150869.272832597,6643740.113572784,9751278952981.639
215,2020-04-01,6644180.167893771,7198888.641967222,6551808.765424739,6794928.776535577,14931833895810.031
216,2020-04-02,6794698.748140515,7048870.123448872,6602915.074066658,6734931.370362805,10409312635578.912
217,2020-04-03,6733801.230856634,6991273.013572393,6650830.9888814185,6857836.541967605,7299987235634.257
218,2020-04-04,6858256.593819456,6896391.301226821,6678344.385177684,6773616.145671403,4969149097763.344
219,2020-04-05,6773616.145671403,7356048.0419670455,6765835.185177585,7330804.925917691,11806657515295.775
220,2020-04-06,7330804.925917691,7460610.949374335,7077873.703695753,7198208.558016605,10359795721034.264
221,2020-04-07,7198208.558016605,7420916.04937438,7150882.71604135,7362188.79999173,7606853585591.924
222,2020-04-08,7361168.674065805,7372830.113571965,7108957.540732755,7284439.202460953,6110241499377.297
223,2020-04-09,7284439.202460953,7296650.709868346,6740812.096288724,6859766.780239208,10468754616789.166
224,2020-04-10,6859766.780239208,6945157.320979853,6760834.56789364,6877678.991350299,4547590682239.41
225,2020-04-11,6877688.9925848665,7177886.049374653,6780837.03702942,6904642.31974533,7387778608937.393
226,2020-04-12,6904642.31974533,6904642.31974533,6575811.728387675,6838754.186412071,9642737971814.762
227,2020-04-13,6838884.202461453,6978861.4814736415,6755113.861720807,6869547.987646604,6907715027545.142
228,2020-04-14,6869417.971597222,6933855.925918137,6605815.432091345,6622057.437029598,6157898639948.564
229,2020-04-15,6622067.438264166,7190887.65431291,6469068.551844586,7102816.78270807,12502529085460.512
230,2020-04-16,7102866.78888091,7149002.483942587,6973840.861720561,7028417.598757537,5413319204809.512
231,2020-04-17,7027647.503695809,7293980.38023872,7015265.975300761,7249494.8888807455,4949465251558.873
232,2020-04-18,7249494.8888807455,7267047.055547392,7056471.061720469,7121619.103695704,4567050156747.092
233,2020-04-19,7122279.185177184,7220891.35801658,6751833.456782539,6827672.818510849,9016062093673.453
234,2020-04-20,6829823.083942945,6940856.79011566,6762834.814807218,6842214.613572561,6011713175988.408
235,2020-04-21,6842204.6123379925,7157263.503695664,6818841.728387402,7126019.646905576,6149396824471.29
236,2020-04-22,7125999.6444364395,7738955.308633282,7020866.66665878,7483313.751843446,10278625765589.207
237,2020-04-23,7484883.945670605,7616900.241966752,7388912.098757132,7505926.543201445,6018954983028.288
238,2020-04-24,7505926.543201445,7705951.2345592445,7431987.416041034,7539600.699991531,4387984432196.627
239,2020-04-25,7539960.744435974,7700950.6172752995,7480923.45678172,7694049.765423456,5052885356896.904
240,2020-04-26,7694049.765423456,7792981.977769024,7606939.012337134,7775579.829620895,6544941875365.191
241,2020-04-27,7774469.69258386,7780960.49381842,7660065.570361765,7739935.429620935,4630846902716.255
242,2020-04-28,7739535.380238219,8953995.29505167,7711001.85801603,8779653.774064211,18356954762336.344
243,2020-04-29,8779663.77529878,9461167.90122394,8402037.160484388,8621064.19752118,20630268044649.96
244,2020-04-30,8621064.19752118,9060298.417273773,8614623.402459458,8828049.74813823,9148010750520.082
245,2020-05-01,8826759.588878974,9011112.34566889,8754080.617274117,8973157.660483746,5900937175827.322
246,2020-05-02,8973687.725915845,9201135.8024588,8713075.555545768,8895258.044434452,9013719231766.95
247,2020-05-03,8895248.043199884,8951104.93826155,8523052.098755857,8873055.303693736,8442893436946.455
248,2020-05-04,8873015.298755465,9119705.75060704,8761081.48147164,9022943.806162704,7649020741170.938
249,2020-05-05,9022473.748138014,9396159.876532655,8907309.532088758,9144048.755545285,10593837961771.064
250,2020-05-06,9144528.814804543,10068242.839494864,9022113.703693569,9987632.88887767,14717277861380.729
251,2020-05-07,9987532.87653199,10037199.007396132,9706198.148137245,9801219.877766768,10069622649820.79
252,2020-05-08,9801229.879001336,9915473.981470343,9521175.30863128,9540577.703692986,8196079693475.571
253,2020-05-09,9540277.66665595,9576012.07776702,8118002.098756313,8723846.885175386,18388788143298.21
254,2020-05-10,8723846.885175386,9169131.851841552,8201012.3456697995,8562576.97776816,16882809223327.111
255,2020-05-11,8563097.04196569,8979368.427150408,8529832.935792888,8811877.751841955,8653346189060.231
256,2020-05-12,8812077.776533311,9399160.246903023,8794075.55431111,9310519.304927813,9247768960728.105
257,2020-05-13,9310499.302458677,9940227.03702587,9257902.809866143,9793188.886408752,12958137319546.803
258,2020-05-14,9793178.885174183,9846835.508630915,9151129.62961935,9317570.175298175,11590506901729.152
259,2020-05-15,9317110.118508052,9589183.703692932,9221138.27159458,9382428.181470942,5959498435919.997
260,2020-05-16,9381968.124680819,9889220.740729632,9323250.876532737,9681235.066655792,6865623935555.534
261,2020-05-17,9682305.198754556,9951228.39505055,9465398.423446156,9735131.719742151,8201672785495.516
262,2020-05-18,9735131.719742151,9898431.877766658,9475169.629618986,9776736.855544575,7854945672063.448
263,2020-05-19,9776336.806161856,9843215.061717337,9327151.358014215,9512604.250606598,7493298793412.447
264,2020-05-20,9512604.250606598,9579652.527149731,8816088.271595035,9069769.586409565,10894222896652.812
265,2020-05-21,9068629.445668826,9272144.56789082,8934622.903693667,9171132.09875513,5895040795368.983
266,2020-05-22,9171132.09875513,9308999.117273495,9071119.75307623,9180283.228384748,4353167058286.049
267,2020-05-23,9180143.211100798,9299147.901224121,8701074.0740643,8721416.585175388,7038855532232.217
268,2020-05-24,8719216.313570451,8980768.599989912,8643787.002459425,8901448.808631977,6284166822188.607
269,2020-05-25,8901448.808631977,9018783.292582462,8701074.0740643,8842271.50369377,5830696764042.067
270,2020-05-26,8842091.48147155,9226138.888878524,8812817.867891334,9205206.30492793,6891886296522.061
271,2020-05-27,9205206.30492793,9626658.329618815,9111124.691347789,9577072.208631216,7411993714187.502
272,2020-05-28,9577052.206162082,9606445.83455711,9331151.85184137,9428233.835791878,5738144621562.209
273,2020-05-29,9427763.777767187,9741202.46912486,9332382.00369322,9698917.249371821,5567214479580.66
274,2020-05-30,9698917.249371821,9701197.5308533,9382568.198754892,9449436.453075806,4833975353706.952
275,2020-05-31,9449436.453075806,10381281.48146982,9422833.169125218,10202029.354309527,7665858981509.413
276,2020-06-01,10203969.593815697,10230252.838260112,9267143.950606873,9519215.066655975,10898422633274.807
277,2020-06-02,9519195.064186838,9691196.29628541,9366366.19875491,9667433.362952104,4625835514202.692
278,2020-06-03,9667513.372828646,9882849.954309884,9451166.666656049,9790268.525914928,5746319431473.409
279,2020-06-04,9789348.412334682,9855966.635791397,9582182.83949541,9622347.797520055,4779394980921.175
280,2020-06-05,9622357.798754623,9736201.851840915,9532226.672828797,9667493.37035951,3275699446714.7524
281,2020-06-06,9668043.438260745,9803210.123445777,9373617.09381663,9748193.332087815,5796000305757.502
282,2020-06-07,9748193.332087815,9801209.8765322,9634189.259248437,9783217.655544566,4066968445385.8643
283,2020-06-08,9783207.654309997,9878219.382704953,9571181.48147073,9773636.472828528,4602968326441.607
284,2020-06-09,9773646.474063095,9993953.669124575,9705378.046902679,9886220.370359264,4713658159466.088
285,2020-06-10,9886440.397519758,9965230.123445597,9114125.061718157,9281545.728384634,9443064139467.541
286,2020-06-11,9280025.540730316,9558299.89134729,9233649.81603901,9466298.534557266,5012525447107.11
287,2020-06-12,9466128.513569612,9495902.188878221,9352154.444433939,9474509.548137505,2776321198490.1035
288,2020-06-13,9474509.548137505,9482160.492581941,9246141.358014304,9343253.345668517,3005921716433.7593
289,2020-06-14,9343253.345668517,9496172.222211555,8911550.055545546,9427183.70616225,8611855531489.178
290,2020-06-15,9427213.709865952,9590183.82714972,9374247.171594407,9526765.99875473,5205887315495.72
291,2020-06-16,9528146.169125099,9566180.864186784,9237750.322211845,9466308.535791835,4805234280764.38
292,2020-06-17,9466298.534557266,9490171.481470821,9281145.67900192,9387478.804927725,3738656882097.8374
293,2020-06-18,9387478.804927725,9439465.222211618,9216927.751841499,9311379.41110065,4533658009068.648
294,2020-06-19,9311379.41110065,9396159.876532655,9172082.21603908,9360105.425915413,3033280971302.5684
295,2020-06-20,9360105.425915413,9423163.209865957,9282685.869125376,9295837.492582152,2431992832363.12
296,2020-06-21,9295837.492582152,9781207.407396419,9278235.319742665,9686885.76418665,5790261593161.928
297,2020-06-22,9686885.76418665,9721199.99998908,9578212.349371957,9626078.258013878,4103609493913.662
298,2020-06-23,9625518.188878076,9671193.82714963,9209136.790113112,9297637.71480437,6157916289127.206
299,2020-06-24,9299477.941964863,9341153.08640926,9010802.307397285,9250631.912335288,5583851194842.567
300,2020-06-25,9250631.912335288,9299147.901224121,9046566.722212061,9163341.137026742,5029850720265.671
301,2020-06-26,9163341.137026742,9197375.338261273,8834090.493817236,9013112.592582468,4629664504259.158
302,2020-06-27,9013112.592582468,9192134.6913477,8949164.698755378,9117475.475298401,3069196508472.12
303,2020-06-28,9117285.45184161,9239140.493816782,9025784.156779984,9193694.883940289,4212549329715.7744
304,2020-06-29,9194064.929619301,9206136.419742744,9066009.122212037,9139678.216039116,3146704714205.1196
305,2020-06-30,9139208.158014424,9293147.160483388,9081220.999989798,9233139.753076049,3849328036916.652
306,2020-07-01,9233129.75184148,9263103.451841446,8941103.70369366,9087661.79505152,4573081315842.715
307,2020-07-02,9087661.79505152,9126126.543199625,9038585.737026883,9059378.303693527,2894699343871.773
308,2020-07-03,9058908.245668838,9191134.56789091,9041156.054310832,9136587.834557638,2644523292452.3877
309,2020-07-04,9136127.777767515,9146369.041965034,8894127.904928282,9070529.680236725,3407786025086.629
310,2020-07-05,9070529.680236725,9376157.407396875,9057038.01480464,9345353.604927775,5446985612042.9795
311,2020-07-06,9343623.391347528,9380577.953075882,9204136.172829166,9258532.88764392,3459160671952.633
312,2020-07-07,9258542.888878489,9471169.13579183,9232139.62961926,9437224.94566841,5614744870905.805
313,2020-07-08,9437224.94566841,9441955.529619023,9161130.86418724,9233569.806162467,4805038205860.59
314,2020-07-09,9233559.804927899,9318630.30616237,9126126.543199625,9289486.70863154,3830022184472.315
315,2020-07-10,9289486.70863154,9300428.059248812,9179383.11727364,9235170.003693331,2256415135380.1816
316,2020-07-11,9235160.002458762,9346153.703693205,9158630.555545267,9303898.48764387,3087651373069.198
317,2020-07-12,9304458.556779671,9344973.558014194,9202025.912335342,9243761.064187149,4274534566669.4575
318,2020-07-13,9243751.06295258,9280685.622211797,9114125.061718157,9256992.697520467,4577820344135.71
319,2020-07-14,9256992.697520467,9277635.24566859,9161700.93455761,9198735.506162507,3905840109454.4395
320,2020-07-15,9198735.506162507,9227289.030853832,9048366.94443428,9134847.619742824,4338092619974.029
321,2020-07-16,9134847.619742824,9187964.176532889,9090932.19875522,9155450.162952678,2805782224204.7617
322,2020-07-17,9155440.16171811,9220438.185174827,9122226.061718147,9171412.13332303,2255732596826.565
323,2020-07-18,9171432.135792166,9233409.786409382,9102473.623446565,9210126.912335332,2605523571566.419
324,2020-07-19,9210126.912335332,9222658.4592489,9132127.283940358,9161910.960483536,3546314170715.5474
325,2020-07-20,9161910.960483536,9438895.15184125,9153929.975298358,9391159.25924871,6042104095290.571
326,2020-07-21,9391159.25924871,9545178.271594215,9262143.33332293,9519335.081470788,4882103065066.207
327,2020-07-22,9519335.081470788,9665193.086408896,9441495.4728289,9604455.5888781,5186263550407.755
328,2020-07-23,9604455.5888781,9638189.753075592,9464608.325915294,9538977.506162124,4393655980201.2993
329,2020-07-24,9539277.543199161,9734101.592581658,9514174.444433756,9701617.582705151,4068456758205.504
330,2020-07-25,9701617.582705151,10112248.271593578,9651191.35801385,9932766.116038226,6528732848797.839
331,2020-07-26,9932766.116038226,11396266.772826705,9918434.346902438,11031321.723444397,15020747498742.932
332,2020-07-27,11031321.723444397,11243617.929616999,10566304.320975784,10907616.453074167,9727974254913.604
333,2020-07-28,10907616.453074167,11344220.348135404,10813334.814802667,11101900.435789999,7684758041738.688
334,2020-07-29,11101890.43455543,11171379.01233313,10832337.16048166,11100980.322209753,6080233199006.207
335,2020-07-30,11101160.344431976,11445412.839493316,10961353.08640744,11336859.439493436,7007231080860.943
336,2020-07-31,11336859.439493436,11862464.32097433,11221385.18517258,11802626.934554644,8509798975369.774
337,2020-08-01,11802626.934554644,12124956.72344317,10519798.580235096,11072716.833320895,9756512119371.807
338,2020-08-02,11072726.834555464,11474416.419740196,10937350.123444503,11221195.161715789,5693887009734.036
339,2020-08-03,11221065.145666407,11416389.2567773,11001358.024679,11193351.724678783,5863635187112.043
340,2020-08-04,11193371.72714792,11782384.435789233,11094369.506160377,11746359.988875695,7497951243918.146
341,2020-08-05,11746359.988875695,11901469.1357891,11563927.469122812,11763912.15554234,6353692811684.468
342,2020-08-06,11763922.156776909,11911410.362949584,11323397.777765058,11595661.386406727,6576404403748.44
343,2020-08-07,11595791.40245611,11809727.811097845,11513421.234554969,11762862.025912711,4186332871415.5444
344,2020-08-08,11762471.977764565,11798566.43332008,11523392.465419153,11683122.182702925,4149818994285.981
345,2020-08-09,11683132.183937494,12068839.796282738,11451413.58023405,11894388.261715034,8496282582985.357
346,2020-08-10,11894368.259245897,11936473.456776714,11126373.456777625,11393486.429616831,9075948812582.816
347,2020-08-11,11393496.4308514,11618954.261715343,11151376.54319735,11565757.695048736,6491762717647.572
348,2020-08-12,11565767.696283305,11794415.920974404,11271751.402456474,11781454.32097442,7014114983420.541
349,2020-08-13,11781224.292579358,11851462.96294965,11635466.29998693,11761991.918505307,5982623774047.564
350,2020-08-14,11762001.919739872,11981479.01233222,11681441.97529552,11853863.259245943,5624484800117.756
351,2020-08-15,11853863.259245943,11933193.051838446,11687442.716036255,11912470.49381378,4137334409569.5005
352,2020-08-16,11912460.49257921,12469539.259245252,11771233.059246037,12282646.18887509,8474467255367.519
353,2020-08-17,12282666.191344228,12389299.35430707,11819389.003690427,11946484.692579173,7593320883994.273
354,2020-08-18,11946574.703690285,12021563.960480323,11562427.28393763,11756041.183937412,7394929802191.767
355,2020-08-19,11755831.158011485,11889467.654307632,11669440.493814051,11855013.40122125,4609094388852.243
356,2020-08-20,11855003.399986684,11879466.419739742,11487228.001221664,11532763.622209268,6445626272293.278
357,2020-08-21,11532653.60862902,11687442.716036255,11378214.544431662,11664399.871591834,4368409407825.2905
358,2020-08-22,11664949.93949307,11719516.675295476,11515551.497517928,11649568.040727654,3790468370288.2114
359,2020-08-23,11649558.039493088,11826359.864184245,11586520.258011676,11749650.39504853,4621809710051.191
360,2020-08-24,11749640.393813962,11769302.820974434,11119012.548135657,11319817.335789753,6959951474393.071
361,2020-08-25,11319817.335789753,11540744.607394444,11245388.148135517,11462844.991345149,5400489767923.946
362,2020-08-26,11462834.99011058,11593631.135789447,11126373.456777625,11331778.812332949,6325384453556.883
363,2020-08-27,11331778.812332949,11544075.01850555,11278282.208629306,11528333.075295692,4595958168696.875
364,2020-08-28,11528323.074061124,11581449.632085755,11418449.511098286,11467255.535789588,3297787003937.0366
365,2020-08-29,11467255.535789588,11720446.79011029,11459414.567888362,11712605.822209066,4318320965630.384
366,2020-08-30,11712615.823443633,11802226.885171928,11571428.39504873,11650948.211098023,5536045152390.621
367,2020-08-31,11650948.211098023,12052337.759245722,11516421.604925334,11923441.848134754,7815784159305.642
368,2020-09-01,11923441.848134754,11956045.872826075,11161477.79011092,11389945.9925798,8723261373098.868
369,2020-09-02,11389945.9925798,11464015.135789592,9962029.72838387,10142101.956778731,12196516158350.682
370,2020-09-03,10139541.640729351,10628361.981469542,9876719.19751977,10447539.660482092,9274504770537.89
371,2020-09-04,10447539.660482092,10566984.404926402,9826212.962951925,10167945.146902159,9001271687722.828
372,2020-09-05,10167945.146902159,10348417.424679732,9996093.933322106,10257466.197519341,5637574792466.692
373,2020-09-06,10257156.159247737,10412035.277766082,9876219.135791374,10374720.671593284,6262796156860.57
374,2020-09-07,10374730.672827853,10439288.641963582,9851216.04937165,10127900.203692326,7350095148932.706
375,2020-09-08,10127910.204926895,10344276.913568627,9982242.223445578,10220461.62961815,4935320601221.32
376,2020-09-09,10220551.64072926,10484644.240728963,10072073.312334364,10338146.15677851,5826094557138.518
377,2020-09-10,10338136.155543944,10398883.654309306,10201259.2592478,10389172.455543885,4383566560947.755
378,2020-09-11,10389172.455543885,10479263.576531438,10270517.808630439,10442209.002457406,3538352089263.8774
379,2020-09-12,10441958.971593209,10581416.186407868,10201259.2592478,10334105.658013083,4384302191555.1367
380,2020-09-13,10334115.659247652,10751327.16048175,10213600.782704577,10673087.502457147,6706757028578.404
381,2020-09-14,10673087.502457147,10931389.387642043,10607789.441963391,10786641.519740969,6183008518750.907
382,2020-09-15,10786561.509864425,11094369.506160377,10662536.199988022,10955362.346901273,6499953608343.81
383,2020-09-16,10955362.346901273,11046823.637024626,10747156.64566694,10941340.616037091,5560847892579.297
384,2020-09-17,10941350.61727166,11039392.719740687,10814174.91850637,10934739.801222283,4727256367349.937
385,2020-09-18,10934749.802456852,11181170.220975095,10888714.119740855,11082017.981469031,3844478254151.953
386,2020-09-19,11082007.980234465,11082007.980234465,10724323.827148447,10921628.182703782,3916275687638.379
387,2020-09-20,10921628.182703782,10990216.64937037,10297621.15430942,10418506.076531505,7069215752844.887
388,2020-09-21,10418506.076531505,10574015.272827627,10354278.148136517,10530909.951840023,4399666649267.602
389,2020-09-22,10530909.951840023,10538450.882704211,10138071.45924787,10242724.37776627,5188297259351.9375
390,2020-09-23,10242724.37776627,10796572.745666884,10192188.139494725,10737645.471592875,5768373999723.483
391,2020-09-24,10737655.472827444,10761858.460481739,10557543.239494313,10687989.341963302,4810705541745.3125
392,2020-09-25,10687889.329617623,10822275.918506362,10645994.158012733,10729924.518506465,2842434540423.4614
393,2020-09-26,10729914.517271897,10800333.209864412,10596128.002457233,10775580.154308883,3055325479410.8022
394,2020-09-27,10775590.155543452,10951351.85183955,10627311.851839913,10697440.50862996,5010143633292.322
395,2020-09-28,10697430.50739539,10868881.67159273,10637183.070358422,10841818.330852019,4188006813949.604
396,2020-09-29,10841918.343197698,10850679.42467917,10666446.682704067,10777920.44319777,3960091572039.033
397,2020-09-30,10777920.44319777,10921348.14813588,10438288.518506793,10620441.003691772,6087384725501.718
398,2020-10-01,10620441.003691772,10665956.62221024,10375280.740729086,10571704.987642445,5013658264243.8125
399,2020-10-02,10571704.987642445,10604869.081469567,10497755.859247467,10543361.488877045,2230097420780.7173
400,2020-10-03,10543371.490111614,10698190.60122255,10519168.50245732,10667946.86788925,2321486727418.3184
401,2020-10-04,10667936.866654685,10799333.086407622,10616950.57282758,10793542.371592812,3402996236427.6963
402,2020-10-05,10793532.370358247,10801333.3333212,10526299.382704224,10600968.599988092,4868074969816.3955
403,2020-10-06,10600958.598753523,10683188.749370717,10547471.996284448,10667706.83825962,3281604114196.054
404,2020-10-07,10667716.83949419,10951351.85183955,10531710.050605454,10926918.835790195,5196610634867.892
405,2020-10-08,10926788.819740813,11106010.9431974,10830336.913568081,11052004.276530795,4824602880154.296
406,2020-10-09,11052004.276530795,11492418.6419624,11051874.260481412,11294614.22467867,4365342558948.714
407,2020-10-10,11294614.22467867,11446412.962950105,11222385.30862937,11370423.582703277,2904743699962.651
408,2020-10-11,11370423.582703277,11721456.914801648,11173379.259246707,11529673.24072779,5283180534990.485
409,2020-10-12,11529663.239493221,11558426.790110473,11301395.0617157,11421969.94566618,4221049423780.555
410,2020-10-13,11421979.94690075,11549405.676530236,11281392.59257992,11419299.616036555,4142021899100.4707
411,2020-10-14,11419299.616036555,11618774.23949312,11252218.991345385,11506540.38517226,4876673752063.398
412,2020-10-15,11506550.386406826,11542574.833320366,11201382.7160368,11320717.446900863,4880377391546.395
413,2020-10-16,11320637.43702432,11403827.70616003,11256389.506160194,11361602.493814398,2237167683544.9067
414,2020-10-17,11361712.507394644,11506420.370357445,11347620.767888486,11504560.140727816,2328691576396.0386
415,2020-10-18,11504560.140727816,11825449.751838569,11409368.39011064,11752920.79875223,4742038833820.501
416,2020-10-19,11752910.797517661,12039866.21973956,11679031.677764658,11911460.369122421,6214242161980.217
417,2020-10-20,11911470.37035699,13219311.812330829,11888417.524678005,12782537.896281937,11459860299610.176
418,2020-10-21,12782327.870356012,13186627.777762964,12679645.195047485,12970121.051837282,7004747091233.415
419,2020-10-22,12970441.091343455,13029298.356775487,12721650.380232623,12924665.440726222,5039322045820.771
420,2020-10-23,12924655.439491654,13168355.52220743,12871588.88887443,13113348.732084034,3595664761428.924
421,2020-10-24,13113348.732084034,13351648.14813315,12889591.111096632,13030438.497516226,3848633031624.1216
422,2020-10-25,13031248.597516226,13240444.420972781,12766575.925911585,13053801.381466819,6095919788383.103
423,2020-10-26,13053761.376528546,13790992.38146599,13021477.391343398,13637853.477762459,8080652887911.861
424,2020-10-27,13637843.47652789,13861191.04689801,12889591.111096632,13268037.82714559,9445222055444.033
425,2020-10-28,13268037.82714559,13644594.309861215,12922365.156775609,13457361.197515748,7488184566304.329
426,2020-10-29,13457351.19628118,13671667.651836494,13116619.135787735,13561774.08640452,7066650206349.853
427,2020-10-30,13561774.08640452,14101740.7407249,13413155.740725674,13792702.592577098,6734755200116.077
428,2020-10-31,13792702.592577098,13896715.432083154,13604679.382700767,13763198.950601824,3629012823565.38
429,2020-11-01,13763188.949367255,13831707.40739187,13196679.018503694,13551042.761713173,6457439307112.598
430,2020-11-02,13551302.793811938,14067846.556774322,13286630.122207297,14025261.299984246,7412478086479.168
431,2020-11-03,14025261.299984246,14260760.37035435,13526669.753071224,14145756.174058184,9302847184069.328
432,2020-11-04,14145756.174058184,15751944.444426749,14095299.945663178,15591944.693809645,14375926853983.518
433,2020-11-05,15591944.693809645,15961970.37035244,15167872.345661974,15581843.446896076,12263333574396.04
434,2020-11-06,15581853.448130645,15755464.878994647,14345990.891341908,14820129.419736437,10144372892406.543
435,2020-11-07,14820129.419736437,15651932.09874785,14705695.29381064,15477010.506155454,6555527081819.477
436,2020-11-08,15477010.506155454,15841955.55553776,14807367.844427811,15330302.396279074,10898978800228.918
437,2020-11-09,15330302.396279074,15461908.64195794,15074320.79751393,15299098.544427257,6168953465773.392
438,2020-11-10,15299098.544427257,15966970.987636385,15274565.516032225,15686176.325908305,7847943408093.135
439,2020-11-11,15686186.327142874,16342717.370352013,15442546.251834504,16293871.340722438,10220897342603.234
440,2020-11-12,16293861.33948787,16482034.56788272,15954319.425908005,16322714.901216233,7570122569058.336
441,2020-11-13,16322054.819734752,16329005.677759435,15671934.56788363,16072434.006154785,5912364549340.013
442,2020-11-14,16071543.896278242,16181997.53084602,15776667.496278573,15958969.999982072,4360222383906.3735
443,2020-11-15,15958969.999982072,16882083.950598318,15865958.518500695,16715633.403684927,8131071304439.311
444,2020-11-16,16715143.343191102,17861024.792572528,16540041.728376482,17661560.170350533,11523562796645.105
445,2020-11-17,17661560.170350533,18479211.102448378,17216575.2407214,17778314.582696076,14903818563854.049
446,2020-11-18,17779944.783930644,18182044.41973266,17337790.20368423,17805017.878992345,9302104366974.836
447,2020-11-19,17805007.877757777,18817542.86664553,17742230.12837513,18657973.169114843,8843393491093.633
448,2020-11-20,18657963.167880274,18968241.469114497,18310840.318497952,18706109.111090098,7558678894433.411
449,2020-11-21,18706109.111090098,18752314.81479375,17613034.18022713,18416703.386399064,8165581749862.16
450,2020-11-22,18416153.318497833,18768316.790102374,18002222.222202,18370267.65430035,8297174825415.285
451,2020-11-23,18370277.65553492,19421367.40368189,18020224.4444242,19162375.433311805,11359553164942.068
452,2020-11-24,19162365.43207724,19486615.458002802,18502553.98392983,18721421.00121354,9327809127910.35
453,2020-11-25,18721140.96664564,18917365.188867636,16189998.518500332,17151587.218499254,18102759301954.887
454,2020-11-26,17151587.218499254,17459775.26170878,16440109.392574126,17141635.990104202,8530755528379.146
455,2020-11-27,17141645.991338767,17882697.467881147,16867642.16788229,17722037.63578256,6491871363659.004
456,2020-11-28,17722027.634547994,18362316.672818877,17519162.592572913,18187235.060473397,5533584704569.13
457,2020-11-29,18187245.061707966,19865612.241952993,18187235.060473397,19698301.58886676,11547772163686.88
458,2020-11-30,19698301.58886676,19890455.308619633,18003342.360473603,18767276.661707312,12771452793119.629
459,2020-12-01,18767276.661707312,19344387.901212838,18332262.96294237,19206460.875287067,7592038520797.373
460,2020-12-02,19206450.874052502,19600419.506150823,18869529.283929422,19424297.76541028,6669762453710.768
461,2020-12-03,19424737.819731265,19529410.740718804,18567602.01355939,18652822.53331238,7129246865278.411
462,2020-12-04,18652812.53207781,19179367.530842654,18502283.9505965,19150023.90862046,4292804767771.3877
463,2020-12-05,19150023.90862046,19422397.53084238,18859328.024670172,19361790.04936097,3704766508217.579
464,2020-12-06,19361059.95923751,19423307.64318806,18905213.688867655,19169266.283929083,4137740398385.389
465,2020-12-07,19169266.283929083,19297222.078990668,18202246.9135598,18326372.235781882,6163455587906.829
466,2020-12-08,18326372.235781882,18641871.18146054,17652179.01232585,18543569.046892747,7959537917792.307
467,2020-12-09,18543579.04812732,18559611.027139645,17913331.24936259,18256883.658004183,5289720480691.515
468,2020-12-10,18257063.680226408,18294988.361707844,17574499.42343705,18038756.7320785,7261968854586.397
469,2020-12-11,18038756.7320785,18950999.340719454,18022924.777757533,18811012.060472693,4952609200952.856
470,2020-12-12,18811012.060472693,19413396.419731278,18713430.01479379,19177357.282694507,5656780456143.572
471,2020-12-13,19177357.282694507,19351388.76541036,19002345.678991,19275519.399978347,4726303551632.889
472,2020-12-14,19276069.46787958,19572416.04936073,19052351.85183045,19428828.324669532,6184199988327.757
473,2020-12-15,19428828.324669532,21562661.72837084,19280980.074052412,21338154.014790844,11432044746315.184
474,2020-12-16,21338154.014790844,23802938.2715782,21232620.98763047,22799974.46417192,18490530174492.168
475,2020-12-17,22799964.46293735,23288054.713554088,22352759.25923415,23110242.76417157,7965596717099.88
476,2020-12-18,23110242.76417157,24174454.13207161,22752808.64194975,23824550.93947941,8605568752439.433
477,2020-12-19,23824540.938244842,24297999.382688753,23062846.91355434,23458415.743183527,7669961360413.421
478,2020-12-20,23458435.74565266,24105745.650590207,21817693.209852036,22722514.90244361,8804116518083.232
479,2020-12-21,22722684.923431266,23840042.85182507,22356159.678987235,23813729.603676952,8704387099029.234
480,2020-12-22,23813729.603676952,24102975.3086149,22602790.1234314,23235628.241949204,11906195692542.588
481,2020-12-23,23235258.196270194,23797367.583923884,22706222.891332515,23732129.53083754,6902235447837.333
482,2020-12-24,23731919.504911613,24792920.47651536,23436493.037010707,24715520.92219446,7952976084589.449
483,2020-12-25,24715520.92219446,26870346.917253766,24503024.6913305,26496660.788859125,9781858826408.594
484,2020-12-26,26496670.790093694,28425508.88885696,25703172.8394773,26284904.649353188,14847391406398.31
485,2020-12-27,26284784.634538375,27503395.061697498,26104222.34564969,27082753.137006614,7973158468634.205
486,2020-12-28,27082763.13824118,27413383.95058649,25883195.06169932,27388380.864166766,6942016193834.252
487,2020-12-29,27388380.864166766,28999579.753053844,27323372.83947548,28879104.88144904,9536783017871.09
488,2020-12-30,28879114.88268361,29303617.2839177,27853438.271573648,28927200.818486024,7551782718958.825
489,2020-12-31,28927200.818486024,29603654.3209544,28628103.897498704,29335311.196263343,5418961426094.049
490,2021-01-01,29335321.19749791,33304111.1110737,28950103.64564649,32182302.633297183,13000992198819.494
491,2021-01-02,32180422.40119842,34782403.59378809,31966936.04811224,33004124.080209844,12097249978279.621
492,2021-01-03,33004124.080209844,33604148.1481104,28133472.83947457,31992659.22342085,14091728073745.775
493,2021-01-04,31993699.351815913,34364241.97527004,29903691.3579911,33953721.29996186,11606432419799.777
494,2021-01-05,33953721.29996186,36943770.39625479,33292109.629592232,36773899.42711919,12715489750754.977
495,2021-01-06,36773899.42711919,40369983.333287984,36304481.4814407,39437148.18267175,13284209867147.262
496,2021-01-07,39437348.20736311,41955179.01229855,36504506.1727985,40587820.223411195,13980721551828.729
497,2021-01-08,40591970.73575687,41385108.64192882,38724780.24687008,40093169.16291793,7579533596870.189
498,2021-01-09,40093169.16291793,41355104.93822515,35115444.70489883,38154729.87896948,11822413827379.35
499,2021-01-10,38154729.87896948,38269464.041932315,30423755.55552138,35408840.92218245,24916229692296.0
500,2021-01-11,35414741.6505775,36632521.97526749,32535016.17280296,34055443.85675187,13396468880473.791
501,2021-01-12,34053353.59872718,37854672.83946365,32383997.53082782,37375993.7505753,12449328258167.967
